arch,strategy,seed,bin,bin_range,count_before,count_after,pct_before,pct_after
mobilenet_v2,frozen,1,0,"(0.0,0.1]",0,0,0.0,0.0
mobilenet_v2,frozen,1,1,"(0.1,0.2]",0,0,0.0,0.0
mobilenet_v2,frozen,1,2,"(0.2,0.3]",7,9,0.45751633986928103,0.5882352941176471
mobilenet_v2,frozen,1,3,"(0.3,0.4]",50,53,3.2679738562091503,3.4640522875816995
mobilenet_v2,frozen,1,4,"(0.4,0.5]",105,111,6.862745098039215,7.254901960784314
mobilenet_v2,frozen,1,5,"(0.5,0.6]",124,127,8.104575163398692,8.300653594771243
mobilenet_v2,frozen,1,6,"(0.6,0.7]",123,133,8.03921568627451,8.69281045751634
mobilenet_v2,frozen,1,7,"(0.7,0.8]",125,119,8.169934640522875,7.777777777777778
mobilenet_v2,frozen,1,8,"(0.8,0.9]",162,180,10.588235294117647,11.764705882352942
mobilenet_v2,frozen,1,9,"(0.9,1.0]",834,798,54.509803921568626,52.15686274509804
mobilenet_v2,frozen,2,0,"(0.0,0.1]",0,0,0.0,0.0
mobilenet_v2,frozen,2,1,"(0.1,0.2]",0,0,0.0,0.0
mobilenet_v2,frozen,2,2,"(0.2,0.3]",7,7,0.45751633986928103,0.45751633986928103
mobilenet_v2,frozen,2,3,"(0.3,0.4]",39,68,2.549019607843137,4.444444444444445
mobilenet_v2,frozen,2,4,"(0.4,0.5]",105,112,6.862745098039215,7.3202614379084965
mobilenet_v2,frozen,2,5,"(0.5,0.6]",104,116,6.7973856209150325,7.5816993464052285
mobilenet_v2,frozen,2,6,"(0.6,0.7]",94,115,6.143790849673203,7.516339869281046
mobilenet_v2,frozen,2,7,"(0.7,0.8]",124,137,8.104575163398692,8.954248366013072
mobilenet_v2,frozen,2,8,"(0.8,0.9]",157,162,10.261437908496733,10.588235294117647
mobilenet_v2,frozen,2,9,"(0.9,1.0]",900,813,58.8235294117647,53.13725490196079
mobilenet_v2,frozen,3,0,"(0.0,0.1]",0,0,0.0,0.0
mobilenet_v2,frozen,3,1,"(0.1,0.2]",0,0,0.0,0.0
mobilenet_v2,frozen,3,2,"(0.2,0.3]",11,12,0.7189542483660131,0.7843137254901961
mobilenet_v2,frozen,3,3,"(0.3,0.4]",32,52,2.0915032679738563,3.3986928104575163
mobilenet_v2,frozen,3,4,"(0.4,0.5]",95,120,6.209150326797386,7.8431372549019605
mobilenet_v2,frozen,3,5,"(0.5,0.6]",109,121,7.124183006535947,7.908496732026144
mobilenet_v2,frozen,3,6,"(0.6,0.7]",120,128,7.8431372549019605,8.366013071895425
mobilenet_v2,frozen,3,7,"(0.7,0.8]",125,148,8.169934640522875,9.673202614379084
mobilenet_v2,frozen,3,8,"(0.8,0.9]",167,189,10.915032679738562,12.352941176470589
mobilenet_v2,frozen,3,9,"(0.9,1.0]",871,760,56.928104575163395,49.673202614379086
mobilenet_v2,finetuned,1,0,"(0.0,0.1]",0,0,0.0,0.0
mobilenet_v2,finetuned,1,1,"(0.1,0.2]",0,0,0.0,0.0
mobilenet_v2,finetuned,1,2,"(0.2,0.3]",11,14,0.7189542483660131,0.9150326797385621
mobilenet_v2,finetuned,1,3,"(0.3,0.4]",68,79,4.444444444444445,5.163398692810458
mobilenet_v2,finetuned,1,4,"(0.4,0.5]",116,114,7.5816993464052285,7.450980392156863
mobilenet_v2,finetuned,1,5,"(0.5,0.6]",91,96,5.947712418300654,6.2745098039215685
mobilenet_v2,finetuned,1,6,"(0.6,0.7]",94,108,6.143790849673203,7.0588235294117645
mobilenet_v2,finetuned,1,7,"(0.7,0.8]",119,121,7.777777777777778,7.908496732026144
mobilenet_v2,finetuned,1,8,"(0.8,0.9]",143,152,9.34640522875817,9.934640522875817
mobilenet_v2,finetuned,1,9,"(0.9,1.0]",888,846,58.03921568627451,55.294117647058826
mobilenet_v2,finetuned,2,0,"(0.0,0.1]",0,0,0.0,0.0
mobilenet_v2,finetuned,2,1,"(0.1,0.2]",0,0,0.0,0.0
mobilenet_v2,finetuned,2,2,"(0.2,0.3]",11,14,0.7189542483660131,0.9150326797385621
mobilenet_v2,finetuned,2,3,"(0.3,0.4]",76,93,4.967320261437909,6.078431372549019
mobilenet_v2,finetuned,2,4,"(0.4,0.5]",92,94,6.0130718954248366,6.143790849673203
mobilenet_v2,finetuned,2,5,"(0.5,0.6]",103,112,6.73202614379085,7.3202614379084965
mobilenet_v2,finetuned,2,6,"(0.6,0.7]",104,115,6.7973856209150325,7.516339869281046
mobilenet_v2,finetuned,2,7,"(0.7,0.8]",111,107,7.254901960784314,6.993464052287582
mobilenet_v2,finetuned,2,8,"(0.8,0.9]",141,164,9.215686274509803,10.718954248366012
mobilenet_v2,finetuned,2,9,"(0.9,1.0]",892,831,58.30065359477124,54.31372549019608
mobilenet_v2,finetuned,3,0,"(0.0,0.1]",0,0,0.0,0.0
mobilenet_v2,finetuned,3,1,"(0.1,0.2]",0,0,0.0,0.0
mobilenet_v2,finetuned,3,2,"(0.2,0.3]",9,15,0.5882352941176471,0.9803921568627451
mobilenet_v2,finetuned,3,3,"(0.3,0.4]",68,85,4.444444444444445,5.555555555555555
mobilenet_v2,finetuned,3,4,"(0.4,0.5]",98,99,6.405228758169935,6.470588235294118
mobilenet_v2,finetuned,3,5,"(0.5,0.6]",102,118,6.666666666666667,7.712418300653595
mobilenet_v2,finetuned,3,6,"(0.6,0.7]",114,108,7.450980392156863,7.0588235294117645
mobilenet_v2,finetuned,3,7,"(0.7,0.8]",101,127,6.601307189542483,8.300653594771243
mobilenet_v2,finetuned,3,8,"(0.8,0.9]",165,169,10.784313725490197,11.045751633986928
mobilenet_v2,finetuned,3,9,"(0.9,1.0]",873,809,57.05882352941177,52.87581699346405
mobilenet_v3_small,frozen,1,0,"(0.0,0.1]",0,0,0.0,0.0
mobilenet_v3_small,frozen,1,1,"(0.1,0.2]",0,0,0.0,0.0
mobilenet_v3_small,frozen,1,2,"(0.2,0.3]",1,4,0.06535947712418301,0.26143790849673204
mobilenet_v3_small,frozen,1,3,"(0.3,0.4]",31,55,2.026143790849673,3.5947712418300655
mobilenet_v3_small,frozen,1,4,"(0.4,0.5]",82,96,5.359477124183006,6.2745098039215685
mobilenet_v3_small,frozen,1,5,"(0.5,0.6]",102,118,6.666666666666667,7.712418300653595
mobilenet_v3_small,frozen,1,6,"(0.6,0.7]",91,103,5.947712418300654,6.73202614379085
mobilenet_v3_small,frozen,1,7,"(0.7,0.8]",106,122,6.928104575163399,7.973856209150327
mobilenet_v3_small,frozen,1,8,"(0.8,0.9]",158,183,10.326797385620916,11.96078431372549
mobilenet_v3_small,frozen,1,9,"(0.9,1.0]",959,849,62.6797385620915,55.490196078431374
mobilenet_v3_small,frozen,2,0,"(0.0,0.1]",0,0,0.0,0.0
mobilenet_v3_small,frozen,2,1,"(0.1,0.2]",0,0,0.0,0.0
mobilenet_v3_small,frozen,2,2,"(0.2,0.3]",3,11,0.19607843137254902,0.7189542483660131
mobilenet_v3_small,frozen,2,3,"(0.3,0.4]",33,48,2.156862745098039,3.1372549019607843
mobilenet_v3_small,frozen,2,4,"(0.4,0.5]",75,114,4.901960784313726,7.450980392156863
mobilenet_v3_small,frozen,2,5,"(0.5,0.6]",95,95,6.209150326797386,6.209150326797386
mobilenet_v3_small,frozen,2,6,"(0.6,0.7]",79,102,5.163398692810458,6.666666666666667
mobilenet_v3_small,frozen,2,7,"(0.7,0.8]",94,119,6.143790849673203,7.777777777777778
mobilenet_v3_small,frozen,2,8,"(0.8,0.9]",149,193,9.738562091503267,12.61437908496732
mobilenet_v3_small,frozen,2,9,"(0.9,1.0]",1002,848,65.49019607843137,55.42483660130719
mobilenet_v3_small,frozen,3,0,"(0.0,0.1]",0,0,0.0,0.0
mobilenet_v3_small,frozen,3,1,"(0.1,0.2]",0,0,0.0,0.0
mobilenet_v3_small,frozen,3,2,"(0.2,0.3]",8,11,0.5228758169934641,0.7189542483660131
mobilenet_v3_small,frozen,3,3,"(0.3,0.4]",33,57,2.156862745098039,3.7254901960784315
mobilenet_v3_small,frozen,3,4,"(0.4,0.5]",86,98,5.620915032679738,6.405228758169935
mobilenet_v3_small,frozen,3,5,"(0.5,0.6]",100,109,6.5359477124183005,7.124183006535947
mobilenet_v3_small,frozen,3,6,"(0.6,0.7]",83,118,5.42483660130719,7.712418300653595
mobilenet_v3_small,frozen,3,7,"(0.7,0.8]",123,124,8.03921568627451,8.104575163398692
mobilenet_v3_small,frozen,3,8,"(0.8,0.9]",154,199,10.065359477124183,13.006535947712418
mobilenet_v3_small,frozen,3,9,"(0.9,1.0]",943,814,61.63398692810458,53.20261437908497
mobilenet_v3_small,finetuned,1,0,"(0.0,0.1]",0,0,0.0,0.0
mobilenet_v3_small,finetuned,1,1,"(0.1,0.2]",0,0,0.0,0.0
mobilenet_v3_small,finetuned,1,2,"(0.2,0.3]",73,25,4.771241830065359,1.6339869281045751
mobilenet_v3_small,finetuned,1,3,"(0.3,0.4]",186,119,12.156862745098039,7.777777777777778
mobilenet_v3_small,finetuned,1,4,"(0.4,0.5]",181,137,11.830065359477125,8.954248366013072
mobilenet_v3_small,finetuned,1,5,"(0.5,0.6]",197,142,12.875816993464053,9.281045751633988
mobilenet_v3_small,finetuned,1,6,"(0.6,0.7]",196,142,12.81045751633987,9.281045751633988
mobilenet_v3_small,finetuned,1,7,"(0.7,0.8]",217,180,14.183006535947712,11.764705882352942
mobilenet_v3_small,finetuned,1,8,"(0.8,0.9]",245,237,16.013071895424837,15.490196078431373
mobilenet_v3_small,finetuned,1,9,"(0.9,1.0]",235,548,15.359477124183007,35.81699346405229
mobilenet_v3_small,finetuned,2,0,"(0.0,0.1]",0,0,0.0,0.0
mobilenet_v3_small,finetuned,2,1,"(0.1,0.2]",1,0,0.06535947712418301,0.0
mobilenet_v3_small,finetuned,2,2,"(0.2,0.3]",63,25,4.117647058823529,1.6339869281045751
mobilenet_v3_small,finetuned,2,3,"(0.3,0.4]",180,106,11.764705882352942,6.928104575163399
mobilenet_v3_small,finetuned,2,4,"(0.4,0.5]",163,144,10.65359477124183,9.411764705882353
mobilenet_v3_small,finetuned,2,5,"(0.5,0.6]",175,145,11.437908496732026,9.477124183006536
mobilenet_v3_small,finetuned,2,6,"(0.6,0.7]",162,128,10.588235294117647,8.366013071895425
mobilenet_v3_small,finetuned,2,7,"(0.7,0.8]",175,139,11.437908496732026,9.084967320261438
mobilenet_v3_small,finetuned,2,8,"(0.8,0.9]",223,216,14.57516339869281,14.117647058823529
mobilenet_v3_small,finetuned,2,9,"(0.9,1.0]",388,627,25.359477124183005,40.98039215686274
mobilenet_v3_small,finetuned,3,0,"(0.0,0.1]",0,0,0.0,0.0
mobilenet_v3_small,finetuned,3,1,"(0.1,0.2]",0,0,0.0,0.0
mobilenet_v3_small,finetuned,3,2,"(0.2,0.3]",63,22,4.117647058823529,1.4379084967320261
mobilenet_v3_small,finetuned,3,3,"(0.3,0.4]",188,90,12.287581699346406,5.882352941176471
mobilenet_v3_small,finetuned,3,4,"(0.4,0.5]",210,151,13.72549019607843,9.869281045751634
mobilenet_v3_small,finetuned,3,5,"(0.5,0.6]",214,159,13.986928104575163,10.392156862745098
mobilenet_v3_small,finetuned,3,6,"(0.6,0.7]",158,142,10.326797385620916,9.281045751633988
mobilenet_v3_small,finetuned,3,7,"(0.7,0.8]",213,177,13.92156862745098,11.568627450980392
mobilenet_v3_small,finetuned,3,8,"(0.8,0.9]",229,192,14.967320261437909,12.549019607843137
mobilenet_v3_small,finetuned,3,9,"(0.9,1.0]",255,597,16.666666666666668,39.01960784313726
resnet_50,frozen,1,0,"(0.0,0.1]",0,0,0.0,0.0
resnet_50,frozen,1,1,"(0.1,0.2]",0,0,0.0,0.0
resnet_50,frozen,1,2,"(0.2,0.3]",7,14,0.45751633986928103,0.9150326797385621
resnet_50,frozen,1,3,"(0.3,0.4]",32,69,2.0915032679738563,4.509803921568627
resnet_50,frozen,1,4,"(0.4,0.5]",74,90,4.836601307189542,5.882352941176471
resnet_50,frozen,1,5,"(0.5,0.6]",83,90,5.42483660130719,5.882352941176471
resnet_50,frozen,1,6,"(0.6,0.7]",70,100,4.57516339869281,6.5359477124183005
resnet_50,frozen,1,7,"(0.7,0.8]",82,126,5.359477124183006,8.235294117647058
resnet_50,frozen,1,8,"(0.8,0.9]",132,176,8.627450980392156,11.50326797385621
resnet_50,frozen,1,9,"(0.9,1.0]",1050,865,68.62745098039215,56.5359477124183
resnet_50,frozen,2,0,"(0.0,0.1]",0,0,0.0,0.0
resnet_50,frozen,2,1,"(0.1,0.2]",0,0,0.0,0.0
resnet_50,frozen,2,2,"(0.2,0.3]",5,10,0.32679738562091504,0.6535947712418301
resnet_50,frozen,2,3,"(0.3,0.4]",29,65,1.8954248366013071,4.248366013071895
resnet_50,frozen,2,4,"(0.4,0.5]",68,111,4.444444444444445,7.254901960784314
resnet_50,frozen,2,5,"(0.5,0.6]",96,110,6.2745098039215685,7.189542483660131
resnet_50,frozen,2,6,"(0.6,0.7]",84,86,5.490196078431373,5.620915032679738
resnet_50,frozen,2,7,"(0.7,0.8]",83,96,5.42483660130719,6.2745098039215685
resnet_50,frozen,2,8,"(0.8,0.9]",110,197,7.189542483660131,12.875816993464053
resnet_50,frozen,2,9,"(0.9,1.0]",1055,855,68.95424836601308,55.88235294117647
resnet_50,frozen,3,0,"(0.0,0.1]",0,0,0.0,0.0
resnet_50,frozen,3,1,"(0.1,0.2]",0,0,0.0,0.0
resnet_50,frozen,3,2,"(0.2,0.3]",4,8,0.26143790849673204,0.5228758169934641
resnet_50,frozen,3,3,"(0.3,0.4]",32,60,2.0915032679738563,3.9215686274509802
resnet_50,frozen,3,4,"(0.4,0.5]",61,93,3.9869281045751634,6.078431372549019
resnet_50,frozen,3,5,"(0.5,0.6]",87,121,5.686274509803922,7.908496732026144
resnet_50,frozen,3,6,"(0.6,0.7]",97,100,6.339869281045751,6.5359477124183005
resnet_50,frozen,3,7,"(0.7,0.8]",92,141,6.0130718954248366,9.215686274509803
resnet_50,frozen,3,8,"(0.8,0.9]",154,194,10.065359477124183,12.679738562091503
resnet_50,frozen,3,9,"(0.9,1.0]",1003,813,65.55555555555556,53.13725490196079
resnet_50,finetuned,1,0,"(0.0,0.1]",0,0,0.0,0.0
resnet_50,finetuned,1,1,"(0.1,0.2]",0,0,0.0,0.0
resnet_50,finetuned,1,2,"(0.2,0.3]",21,21,1.3725490196078431,1.3725490196078431
resnet_50,finetuned,1,3,"(0.3,0.4]",60,71,3.9215686274509802,4.640522875816994
resnet_50,finetuned,1,4,"(0.4,0.5]",76,78,4.967320261437909,5.098039215686274
resnet_50,finetuned,1,5,"(0.5,0.6]",94,109,6.143790849673203,7.124183006535947
resnet_50,finetuned,1,6,"(0.6,0.7]",93,82,6.078431372549019,5.359477124183006
resnet_50,finetuned,1,7,"(0.7,0.8]",96,96,6.2745098039215685,6.2745098039215685
resnet_50,finetuned,1,8,"(0.8,0.9]",123,165,8.03921568627451,10.784313725490197
resnet_50,finetuned,1,9,"(0.9,1.0]",967,908,63.20261437908497,59.34640522875817
resnet_50,finetuned,2,0,"(0.0,0.1]",0,0,0.0,0.0
resnet_50,finetuned,2,1,"(0.1,0.2]",0,0,0.0,0.0
resnet_50,finetuned,2,2,"(0.2,0.3]",9,18,0.5882352941176471,1.1764705882352942
resnet_50,finetuned,2,3,"(0.3,0.4]",57,65,3.7254901960784315,4.248366013071895
resnet_50,finetuned,2,4,"(0.4,0.5]",115,117,7.516339869281046,7.647058823529412
resnet_50,finetuned,2,5,"(0.5,0.6]",84,95,5.490196078431373,6.209150326797386
resnet_50,finetuned,2,6,"(0.6,0.7]",97,91,6.339869281045751,5.947712418300654
resnet_50,finetuned,2,7,"(0.7,0.8]",79,100,5.163398692810458,6.5359477124183005
resnet_50,finetuned,2,8,"(0.8,0.9]",176,187,11.50326797385621,12.222222222222221
resnet_50,finetuned,2,9,"(0.9,1.0]",913,857,59.673202614379086,56.01307189542484
resnet_50,finetuned,3,0,"(0.0,0.1]",0,0,0.0,0.0
resnet_50,finetuned,3,1,"(0.1,0.2]",0,0,0.0,0.0
resnet_50,finetuned,3,2,"(0.2,0.3]",11,18,0.7189542483660131,1.1764705882352942
resnet_50,finetuned,3,3,"(0.3,0.4]",64,88,4.183006535947713,5.751633986928105
resnet_50,finetuned,3,4,"(0.4,0.5]",104,110,6.7973856209150325,7.189542483660131
resnet_50,finetuned,3,5,"(0.5,0.6]",97,90,6.339869281045751,5.882352941176471
resnet_50,finetuned,3,6,"(0.6,0.7]",87,89,5.686274509803922,5.816993464052287
resnet_50,finetuned,3,7,"(0.7,0.8]",91,117,5.947712418300654,7.647058823529412
resnet_50,finetuned,3,8,"(0.8,0.9]",141,162,9.215686274509803,10.588235294117647
resnet_50,finetuned,3,9,"(0.9,1.0]",935,856,61.111111111111114,55.947712418300654
efficientnet_b0,frozen,1,0,"(0.0,0.1]",0,0,0.0,0.0
efficientnet_b0,frozen,1,1,"(0.1,0.2]",0,0,0.0,0.0
efficientnet_b0,frozen,1,2,"(0.2,0.3]",1,4,0.06535947712418301,0.26143790849673204
efficientnet_b0,frozen,1,3,"(0.3,0.4]",38,57,2.4836601307189543,3.7254901960784315
efficientnet_b0,frozen,1,4,"(0.4,0.5]",82,92,5.359477124183006,6.0130718954248366
efficientnet_b0,frozen,1,5,"(0.5,0.6]",79,95,5.163398692810458,6.209150326797386
efficientnet_b0,frozen,1,6,"(0.6,0.7]",83,96,5.42483660130719,6.2745098039215685
efficientnet_b0,frozen,1,7,"(0.7,0.8]",108,118,7.0588235294117645,7.712418300653595
efficientnet_b0,frozen,1,8,"(0.8,0.9]",145,162,9.477124183006536,10.588235294117647
efficientnet_b0,frozen,1,9,"(0.9,1.0]",994,906,64.9673202614379,59.21568627450981
efficientnet_b0,frozen,2,0,"(0.0,0.1]",0,0,0.0,0.0
efficientnet_b0,frozen,2,1,"(0.1,0.2]",0,0,0.0,0.0
efficientnet_b0,frozen,2,2,"(0.2,0.3]",2,2,0.13071895424836602,0.13071895424836602
efficientnet_b0,frozen,2,3,"(0.3,0.4]",43,53,2.810457516339869,3.4640522875816995
efficientnet_b0,frozen,2,4,"(0.4,0.5]",71,84,4.640522875816994,5.490196078431373
efficientnet_b0,frozen,2,5,"(0.5,0.6]",96,105,6.2745098039215685,6.862745098039215
efficientnet_b0,frozen,2,6,"(0.6,0.7]",88,96,5.751633986928105,6.2745098039215685
efficientnet_b0,frozen,2,7,"(0.7,0.8]",93,102,6.078431372549019,6.666666666666667
efficientnet_b0,frozen,2,8,"(0.8,0.9]",129,158,8.431372549019608,10.326797385620916
efficientnet_b0,frozen,2,9,"(0.9,1.0]",1008,930,65.88235294117646,60.78431372549019
efficientnet_b0,frozen,3,0,"(0.0,0.1]",0,0,0.0,0.0
efficientnet_b0,frozen,3,1,"(0.1,0.2]",0,0,0.0,0.0
efficientnet_b0,frozen,3,2,"(0.2,0.3]",9,10,0.5882352941176471,0.6535947712418301
efficientnet_b0,frozen,3,3,"(0.3,0.4]",32,47,2.0915032679738563,3.0718954248366015
efficientnet_b0,frozen,3,4,"(0.4,0.5]",74,108,4.836601307189542,7.0588235294117645
efficientnet_b0,frozen,3,5,"(0.5,0.6]",92,99,6.0130718954248366,6.470588235294118
efficientnet_b0,frozen,3,6,"(0.6,0.7]",86,89,5.620915032679738,5.816993464052287
efficientnet_b0,frozen,3,7,"(0.7,0.8]",104,99,6.7973856209150325,6.470588235294118
efficientnet_b0,frozen,3,8,"(0.8,0.9]",112,147,7.3202614379084965,9.607843137254902
efficientnet_b0,frozen,3,9,"(0.9,1.0]",1021,931,66.73202614379085,60.849673202614376
efficientnet_b0,finetuned,1,0,"(0.0,0.1]",0,0,0.0,0.0
efficientnet_b0,finetuned,1,1,"(0.1,0.2]",0,0,0.0,0.0
efficientnet_b0,finetuned,1,2,"(0.2,0.3]",45,18,2.9411764705882355,1.1764705882352942
efficientnet_b0,finetuned,1,3,"(0.3,0.4]",130,81,8.49673202614379,5.294117647058823
efficientnet_b0,finetuned,1,4,"(0.4,0.5]",129,104,8.431372549019608,6.7973856209150325
efficientnet_b0,finetuned,1,5,"(0.5,0.6]",111,96,7.254901960784314,6.2745098039215685
efficientnet_b0,finetuned,1,6,"(0.6,0.7]",95,103,6.209150326797386,6.73202614379085
efficientnet_b0,finetuned,1,7,"(0.7,0.8]",107,82,6.993464052287582,5.359477124183006
efficientnet_b0,finetuned,1,8,"(0.8,0.9]",210,123,13.72549019607843,8.03921568627451
efficientnet_b0,finetuned,1,9,"(0.9,1.0]",703,923,45.947712418300654,60.326797385620914
efficientnet_b0,finetuned,2,0,"(0.0,0.1]",0,0,0.0,0.0
efficientnet_b0,finetuned,2,1,"(0.1,0.2]",0,0,0.0,0.0
efficientnet_b0,finetuned,2,2,"(0.2,0.3]",47,22,3.0718954248366015,1.4379084967320261
efficientnet_b0,finetuned,2,3,"(0.3,0.4]",138,77,9.019607843137255,5.032679738562091
efficientnet_b0,finetuned,2,4,"(0.4,0.5]",133,119,8.69281045751634,7.777777777777778
efficientnet_b0,finetuned,2,5,"(0.5,0.6]",107,106,6.993464052287582,6.928104575163399
efficientnet_b0,finetuned,2,6,"(0.6,0.7]",88,85,5.751633986928105,5.555555555555555
efficientnet_b0,finetuned,2,7,"(0.7,0.8]",119,88,7.777777777777778,5.751633986928105
efficientnet_b0,finetuned,2,8,"(0.8,0.9]",188,134,12.287581699346406,8.758169934640524
efficientnet_b0,finetuned,2,9,"(0.9,1.0]",710,899,46.40522875816993,58.75816993464052
efficientnet_b0,finetuned,3,0,"(0.0,0.1]",0,0,0.0,0.0
efficientnet_b0,finetuned,3,1,"(0.1,0.2]",0,0,0.0,0.0
efficientnet_b0,finetuned,3,2,"(0.2,0.3]",62,27,4.052287581699346,1.7647058823529411
efficientnet_b0,finetuned,3,3,"(0.3,0.4]",105,96,6.862745098039215,6.2745098039215685
efficientnet_b0,finetuned,3,4,"(0.4,0.5]",129,66,8.431372549019608,4.313725490196078
efficientnet_b0,finetuned,3,5,"(0.5,0.6]",113,105,7.38562091503268,6.862745098039215
efficientnet_b0,finetuned,3,6,"(0.6,0.7]",83,107,5.42483660130719,6.993464052287582
efficientnet_b0,finetuned,3,7,"(0.7,0.8]",148,76,9.673202614379084,4.967320261437909
efficientnet_b0,finetuned,3,8,"(0.8,0.9]",171,152,11.176470588235293,9.934640522875817
efficientnet_b0,finetuned,3,9,"(0.9,1.0]",719,901,46.99346405228758,58.888888888888886
efficientnet_v2_b0,frozen,1,0,"(0.0,0.1]",0,0,0.0,0.0
efficientnet_v2_b0,frozen,1,1,"(0.1,0.2]",0,0,0.0,0.0
efficientnet_v2_b0,frozen,1,2,"(0.2,0.3]",4,10,0.26143790849673204,0.6535947712418301
efficientnet_v2_b0,frozen,1,3,"(0.3,0.4]",41,50,2.679738562091503,3.2679738562091503
efficientnet_v2_b0,frozen,1,4,"(0.4,0.5]",60,85,3.9215686274509802,5.555555555555555
efficientnet_v2_b0,frozen,1,5,"(0.5,0.6]",88,96,5.751633986928105,6.2745098039215685
efficientnet_v2_b0,frozen,1,6,"(0.6,0.7]",82,90,5.359477124183006,5.882352941176471
efficientnet_v2_b0,frozen,1,7,"(0.7,0.8]",79,93,5.163398692810458,6.078431372549019
efficientnet_v2_b0,frozen,1,8,"(0.8,0.9]",127,142,8.300653594771243,9.281045751633988
efficientnet_v2_b0,frozen,1,9,"(0.9,1.0]",1049,964,68.56209150326798,63.00653594771242
efficientnet_v2_b0,frozen,2,0,"(0.0,0.1]",0,0,0.0,0.0
efficientnet_v2_b0,frozen,2,1,"(0.1,0.2]",0,0,0.0,0.0
efficientnet_v2_b0,frozen,2,2,"(0.2,0.3]",11,14,0.7189542483660131,0.9150326797385621
efficientnet_v2_b0,frozen,2,3,"(0.3,0.4]",43,58,2.810457516339869,3.7908496732026142
efficientnet_v2_b0,frozen,2,4,"(0.4,0.5]",70,82,4.57516339869281,5.359477124183006
efficientnet_v2_b0,frozen,2,5,"(0.5,0.6]",85,89,5.555555555555555,5.816993464052287
efficientnet_v2_b0,frozen,2,6,"(0.6,0.7]",78,108,5.098039215686274,7.0588235294117645
efficientnet_v2_b0,frozen,2,7,"(0.7,0.8]",86,103,5.620915032679738,6.73202614379085
efficientnet_v2_b0,frozen,2,8,"(0.8,0.9]",109,127,7.124183006535947,8.300653594771243
efficientnet_v2_b0,frozen,2,9,"(0.9,1.0]",1048,949,68.49673202614379,62.02614379084967
efficientnet_v2_b0,frozen,3,0,"(0.0,0.1]",0,0,0.0,0.0
efficientnet_v2_b0,frozen,3,1,"(0.1,0.2]",0,0,0.0,0.0
efficientnet_v2_b0,frozen,3,2,"(0.2,0.3]",2,7,0.13071895424836602,0.45751633986928103
efficientnet_v2_b0,frozen,3,3,"(0.3,0.4]",28,46,1.8300653594771241,3.0065359477124183
efficientnet_v2_b0,frozen,3,4,"(0.4,0.5]",63,94,4.117647058823529,6.143790849673203
efficientnet_v2_b0,frozen,3,5,"(0.5,0.6]",85,105,5.555555555555555,6.862745098039215
efficientnet_v2_b0,frozen,3,6,"(0.6,0.7]",80,102,5.228758169934641,6.666666666666667
efficientnet_v2_b0,frozen,3,7,"(0.7,0.8]",87,107,5.686274509803922,6.993464052287582
efficientnet_v2_b0,frozen,3,8,"(0.8,0.9]",131,158,8.562091503267974,10.326797385620916
efficientnet_v2_b0,frozen,3,9,"(0.9,1.0]",1054,911,68.88888888888889,59.54248366013072
efficientnet_v2_b0,finetuned,1,0,"(0.0,0.1]",0,0,0.0,0.0
efficientnet_v2_b0,finetuned,1,1,"(0.1,0.2]",0,0,0.0,0.0
efficientnet_v2_b0,finetuned,1,2,"(0.2,0.3]",131,34,8.562091503267974,2.2222222222222223
efficientnet_v2_b0,finetuned,1,3,"(0.3,0.4]",193,93,12.61437908496732,6.078431372549019
efficientnet_v2_b0,finetuned,1,4,"(0.4,0.5]",150,112,9.803921568627452,7.3202614379084965
efficientnet_v2_b0,finetuned,1,5,"(0.5,0.6]",101,115,6.601307189542483,7.516339869281046
efficientnet_v2_b0,finetuned,1,6,"(0.6,0.7]",96,99,6.2745098039215685,6.470588235294118
efficientnet_v2_b0,finetuned,1,7,"(0.7,0.8]",183,100,11.96078431372549,6.5359477124183005
efficientnet_v2_b0,finetuned,1,8,"(0.8,0.9]",258,115,16.862745098039216,7.516339869281046
efficientnet_v2_b0,finetuned,1,9,"(0.9,1.0]",418,862,27.320261437908496,56.33986928104575
efficientnet_v2_b0,finetuned,2,0,"(0.0,0.1]",0,0,0.0,0.0
efficientnet_v2_b0,finetuned,2,1,"(0.1,0.2]",0,0,0.0,0.0
efficientnet_v2_b0,finetuned,2,2,"(0.2,0.3]",99,13,6.470588235294118,0.8496732026143791
efficientnet_v2_b0,finetuned,2,3,"(0.3,0.4]",200,96,13.071895424836601,6.2745098039215685
efficientnet_v2_b0,finetuned,2,4,"(0.4,0.5]",142,110,9.281045751633988,7.189542483660131
efficientnet_v2_b0,finetuned,2,5,"(0.5,0.6]",110,96,7.189542483660131,6.2745098039215685
efficientnet_v2_b0,finetuned,2,6,"(0.6,0.7]",95,83,6.209150326797386,5.42483660130719
efficientnet_v2_b0,finetuned,2,7,"(0.7,0.8]",176,110,11.50326797385621,7.189542483660131
efficientnet_v2_b0,finetuned,2,8,"(0.8,0.9]",281,119,18.366013071895424,7.777777777777778
efficientnet_v2_b0,finetuned,2,9,"(0.9,1.0]",427,903,27.908496732026144,59.01960784313726
efficientnet_v2_b0,finetuned,3,0,"(0.0,0.1]",0,0,0.0,0.0
efficientnet_v2_b0,finetuned,3,1,"(0.1,0.2]",0,0,0.0,0.0
efficientnet_v2_b0,finetuned,3,2,"(0.2,0.3]",103,17,6.73202614379085,1.1111111111111112
efficientnet_v2_b0,finetuned,3,3,"(0.3,0.4]",191,85,12.483660130718954,5.555555555555555
efficientnet_v2_b0,finetuned,3,4,"(0.4,0.5]",132,121,8.627450980392156,7.908496732026144
efficientnet_v2_b0,finetuned,3,5,"(0.5,0.6]",118,98,7.712418300653595,6.405228758169935
efficientnet_v2_b0,finetuned,3,6,"(0.6,0.7]",141,93,9.215686274509803,6.078431372549019
efficientnet_v2_b0,finetuned,3,7,"(0.7,0.8]",172,85,11.241830065359476,5.555555555555555
efficientnet_v2_b0,finetuned,3,8,"(0.8,0.9]",255,153,16.666666666666668,10.0
efficientnet_v2_b0,finetuned,3,9,"(0.9,1.0]",418,878,27.320261437908496,57.38562091503268
nasnet_mobile,frozen,1,0,"(0.0,0.1]",0,0,0.0,0.0
nasnet_mobile,frozen,1,1,"(0.1,0.2]",0,0,0.0,0.0
nasnet_mobile,frozen,1,2,"(0.2,0.3]",1,7,0.06535947712418301,0.45751633986928103
nasnet_mobile,frozen,1,3,"(0.3,0.4]",45,83,2.9411764705882355,5.42483660130719
nasnet_mobile,frozen,1,4,"(0.4,0.5]",82,116,5.359477124183006,7.5816993464052285
nasnet_mobile,frozen,1,5,"(0.5,0.6]",107,120,6.993464052287582,7.8431372549019605
nasnet_mobile,frozen,1,6,"(0.6,0.7]",97,125,6.339869281045751,8.169934640522875
nasnet_mobile,frozen,1,7,"(0.7,0.8]",112,133,7.3202614379084965,8.69281045751634
nasnet_mobile,frozen,1,8,"(0.8,0.9]",156,191,10.196078431372548,12.483660130718954
nasnet_mobile,frozen,1,9,"(0.9,1.0]",930,755,60.78431372549019,49.34640522875817
nasnet_mobile,frozen,2,0,"(0.0,0.1]",0,0,0.0,0.0
nasnet_mobile,frozen,2,1,"(0.1,0.2]",0,0,0.0,0.0
nasnet_mobile,frozen,2,2,"(0.2,0.3]",4,8,0.26143790849673204,0.5228758169934641
nasnet_mobile,frozen,2,3,"(0.3,0.4]",57,84,3.7254901960784315,5.490196078431373
nasnet_mobile,frozen,2,4,"(0.4,0.5]",92,107,6.0130718954248366,6.993464052287582
nasnet_mobile,frozen,2,5,"(0.5,0.6]",107,116,6.993464052287582,7.5816993464052285
nasnet_mobile,frozen,2,6,"(0.6,0.7]",98,150,6.405228758169935,9.803921568627452
nasnet_mobile,frozen,2,7,"(0.7,0.8]",155,148,10.130718954248366,9.673202614379084
nasnet_mobile,frozen,2,8,"(0.8,0.9]",177,216,11.568627450980392,14.117647058823529
nasnet_mobile,frozen,2,9,"(0.9,1.0]",840,701,54.90196078431372,45.81699346405229
nasnet_mobile,frozen,3,0,"(0.0,0.1]",0,0,0.0,0.0
nasnet_mobile,frozen,3,1,"(0.1,0.2]",0,0,0.0,0.0
nasnet_mobile,frozen,3,2,"(0.2,0.3]",7,8,0.45751633986928103,0.5228758169934641
nasnet_mobile,frozen,3,3,"(0.3,0.4]",71,81,4.640522875816994,5.294117647058823
nasnet_mobile,frozen,3,4,"(0.4,0.5]",98,121,6.405228758169935,7.908496732026144
nasnet_mobile,frozen,3,5,"(0.5,0.6]",121,144,7.908496732026144,9.411764705882353
nasnet_mobile,frozen,3,6,"(0.6,0.7]",147,138,9.607843137254902,9.019607843137255
nasnet_mobile,frozen,3,7,"(0.7,0.8]",129,130,8.431372549019608,8.49673202614379
nasnet_mobile,frozen,3,8,"(0.8,0.9]",162,200,10.588235294117647,13.071895424836601
nasnet_mobile,frozen,3,9,"(0.9,1.0]",795,708,51.96078431372549,46.27450980392157
nasnet_mobile,finetuned,1,0,"(0.0,0.1]",0,0,0.0,0.0
nasnet_mobile,finetuned,1,1,"(0.1,0.2]",0,0,0.0,0.0
nasnet_mobile,finetuned,1,2,"(0.2,0.3]",76,22,4.967320261437909,1.4379084967320261
nasnet_mobile,finetuned,1,3,"(0.3,0.4]",261,125,17.058823529411764,8.169934640522875
nasnet_mobile,finetuned,1,4,"(0.4,0.5]",200,183,13.071895424836601,11.96078431372549
nasnet_mobile,finetuned,1,5,"(0.5,0.6]",219,136,14.313725490196079,8.88888888888889
nasnet_mobile,finetuned,1,6,"(0.6,0.7]",163,155,10.65359477124183,10.130718954248366
nasnet_mobile,finetuned,1,7,"(0.7,0.8]",187,170,12.222222222222221,11.11111111111111
nasnet_mobile,finetuned,1,8,"(0.8,0.9]",230,193,15.032679738562091,12.61437908496732
nasnet_mobile,finetuned,1,9,"(0.9,1.0]",194,546,12.679738562091503,35.68627450980392
nasnet_mobile,finetuned,2,0,"(0.0,0.1]",0,0,0.0,0.0
nasnet_mobile,finetuned,2,1,"(0.1,0.2]",0,0,0.0,0.0
nasnet_mobile,finetuned,2,2,"(0.2,0.3]",88,24,5.751633986928105,1.5686274509803921
nasnet_mobile,finetuned,2,3,"(0.3,0.4]",248,143,16.209150326797385,9.34640522875817
nasnet_mobile,finetuned,2,4,"(0.4,0.5]",198,160,12.941176470588236,10.457516339869281
nasnet_mobile,finetuned,2,5,"(0.5,0.6]",215,167,14.052287581699346,10.915032679738562
nasnet_mobile,finetuned,2,6,"(0.6,0.7]",187,140,12.222222222222221,9.15032679738562
nasnet_mobile,finetuned,2,7,"(0.7,0.8]",199,166,13.006535947712418,10.84967320261438
nasnet_mobile,finetuned,2,8,"(0.8,0.9]",223,231,14.57516339869281,15.098039215686274
nasnet_mobile,finetuned,2,9,"(0.9,1.0]",172,499,11.241830065359476,32.61437908496732
nasnet_mobile,finetuned,3,0,"(0.0,0.1]",0,0,0.0,0.0
nasnet_mobile,finetuned,3,1,"(0.1,0.2]",0,0,0.0,0.0
nasnet_mobile,finetuned,3,2,"(0.2,0.3]",76,21,4.967320261437909,1.3725490196078431
nasnet_mobile,finetuned,3,3,"(0.3,0.4]",236,116,15.42483660130719,7.5816993464052285
nasnet_mobile,finetuned,3,4,"(0.4,0.5]",233,160,15.22875816993464,10.457516339869281
nasnet_mobile,finetuned,3,5,"(0.5,0.6]",191,174,12.483660130718954,11.372549019607844
nasnet_mobile,finetuned,3,6,"(0.6,0.7]",197,134,12.875816993464053,8.758169934640524
nasnet_mobile,finetuned,3,7,"(0.7,0.8]",214,172,13.986928104575163,11.241830065359476
nasnet_mobile,finetuned,3,8,"(0.8,0.9]",238,230,15.555555555555555,15.032679738562091
nasnet_mobile,finetuned,3,9,"(0.9,1.0]",145,523,9.477124183006536,34.18300653594771
convnext_tiny,frozen,1,0,"(0.0,0.1]",0,0,0.0,0.0
convnext_tiny,frozen,1,1,"(0.1,0.2]",0,0,0.0,0.0
convnext_tiny,frozen,1,2,"(0.2,0.3]",1,4,0.06535947712418301,0.26143790849673204
convnext_tiny,frozen,1,3,"(0.3,0.4]",37,55,2.418300653594771,3.5947712418300655
convnext_tiny,frozen,1,4,"(0.4,0.5]",73,88,4.771241830065359,5.751633986928105
convnext_tiny,frozen,1,5,"(0.5,0.6]",81,97,5.294117647058823,6.339869281045751
convnext_tiny,frozen,1,6,"(0.6,0.7]",86,93,5.620915032679738,6.078431372549019
convnext_tiny,frozen,1,7,"(0.7,0.8]",99,98,6.470588235294118,6.405228758169935
convnext_tiny,frozen,1,8,"(0.8,0.9]",133,178,8.69281045751634,11.633986928104575
convnext_tiny,frozen,1,9,"(0.9,1.0]",1020,917,66.66666666666667,59.93464052287582
convnext_tiny,frozen,2,0,"(0.0,0.1]",0,0,0.0,0.0
convnext_tiny,frozen,2,1,"(0.1,0.2]",0,0,0.0,0.0
convnext_tiny,frozen,2,2,"(0.2,0.3]",3,6,0.19607843137254902,0.39215686274509803
convnext_tiny,frozen,2,3,"(0.3,0.4]",39,48,2.549019607843137,3.1372549019607843
convnext_tiny,frozen,2,4,"(0.4,0.5]",74,89,4.836601307189542,5.816993464052287
convnext_tiny,frozen,2,5,"(0.5,0.6]",77,84,5.032679738562091,5.490196078431373
convnext_tiny,frozen,2,6,"(0.6,0.7]",88,103,5.751633986928105,6.73202614379085
convnext_tiny,frozen,2,7,"(0.7,0.8]",95,102,6.209150326797386,6.666666666666667
convnext_tiny,frozen,2,8,"(0.8,0.9]",145,171,9.477124183006536,11.176470588235293
convnext_tiny,frozen,2,9,"(0.9,1.0]",1009,927,65.94771241830065,60.588235294117645
convnext_tiny,frozen,3,0,"(0.0,0.1]",0,0,0.0,0.0
convnext_tiny,frozen,3,1,"(0.1,0.2]",0,0,0.0,0.0
convnext_tiny,frozen,3,2,"(0.2,0.3]",5,8,0.32679738562091504,0.5228758169934641
convnext_tiny,frozen,3,3,"(0.3,0.4]",37,50,2.418300653594771,3.2679738562091503
convnext_tiny,frozen,3,4,"(0.4,0.5]",78,89,5.098039215686274,5.816993464052287
convnext_tiny,frozen,3,5,"(0.5,0.6]",89,93,5.816993464052287,6.078431372549019
convnext_tiny,frozen,3,6,"(0.6,0.7]",77,88,5.032679738562091,5.751633986928105
convnext_tiny,frozen,3,7,"(0.7,0.8]",92,114,6.0130718954248366,7.450980392156863
convnext_tiny,frozen,3,8,"(0.8,0.9]",156,161,10.196078431372548,10.522875816993464
convnext_tiny,frozen,3,9,"(0.9,1.0]",996,927,65.09803921568627,60.588235294117645
convnext_tiny,finetuned,1,0,"(0.0,0.1]",0,0,0.0,0.0
convnext_tiny,finetuned,1,1,"(0.1,0.2]",0,0,0.0,0.0
convnext_tiny,finetuned,1,2,"(0.2,0.3]",12,13,0.7843137254901961,0.8496732026143791
convnext_tiny,finetuned,1,3,"(0.3,0.4]",49,57,3.2026143790849675,3.7254901960784315
convnext_tiny,finetuned,1,4,"(0.4,0.5]",88,82,5.751633986928105,5.359477124183006
convnext_tiny,finetuned,1,5,"(0.5,0.6]",91,93,5.947712418300654,6.078431372549019
convnext_tiny,finetuned,1,6,"(0.6,0.7]",70,76,4.57516339869281,4.967320261437909
convnext_tiny,finetuned,1,7,"(0.7,0.8]",99,97,6.470588235294118,6.339869281045751
convnext_tiny,finetuned,1,8,"(0.8,0.9]",140,141,9.15032679738562,9.215686274509803
convnext_tiny,finetuned,1,9,"(0.9,1.0]",981,971,64.11764705882354,63.4640522875817
convnext_tiny,finetuned,2,0,"(0.0,0.1]",0,0,0.0,0.0
convnext_tiny,finetuned,2,1,"(0.1,0.2]",0,0,0.0,0.0
convnext_tiny,finetuned,2,2,"(0.2,0.3]",9,11,0.5882352941176471,0.7189542483660131
convnext_tiny,finetuned,2,3,"(0.3,0.4]",53,60,3.4640522875816995,3.9215686274509802
convnext_tiny,finetuned,2,4,"(0.4,0.5]",86,86,5.620915032679738,5.620915032679738
convnext_tiny,finetuned,2,5,"(0.5,0.6]",73,75,4.771241830065359,4.901960784313726
convnext_tiny,finetuned,2,6,"(0.6,0.7]",81,82,5.294117647058823,5.359477124183006
convnext_tiny,finetuned,2,7,"(0.7,0.8]",99,102,6.470588235294118,6.666666666666667
convnext_tiny,finetuned,2,8,"(0.8,0.9]",132,131,8.627450980392156,8.562091503267974
convnext_tiny,finetuned,2,9,"(0.9,1.0]",997,983,65.16339869281046,64.2483660130719
convnext_tiny,finetuned,3,0,"(0.0,0.1]",0,0,0.0,0.0
convnext_tiny,finetuned,3,1,"(0.1,0.2]",0,0,0.0,0.0
convnext_tiny,finetuned,3,2,"(0.2,0.3]",5,5,0.32679738562091504,0.32679738562091504
convnext_tiny,finetuned,3,3,"(0.3,0.4]",59,62,3.8562091503267975,4.052287581699346
convnext_tiny,finetuned,3,4,"(0.4,0.5]",81,89,5.294117647058823,5.816993464052287
convnext_tiny,finetuned,3,5,"(0.5,0.6]",88,92,5.751633986928105,6.0130718954248366
convnext_tiny,finetuned,3,6,"(0.6,0.7]",83,77,5.42483660130719,5.032679738562091
convnext_tiny,finetuned,3,7,"(0.7,0.8]",87,91,5.686274509803922,5.947712418300654
convnext_tiny,finetuned,3,8,"(0.8,0.9]",148,160,9.673202614379084,10.457516339869281
convnext_tiny,finetuned,3,9,"(0.9,1.0]",979,954,63.98692810457516,62.35294117647059
