arch,strategy,seed,n_images,accuracy,macro_f1,ece_before,ece_after,brier_before,brier_after,nll_before,nll_after,T_mean,T_min,T_max,T_f0,T_f1,T_f2,T_f3,T_f4,ece_delta,brier_delta,nll_delta
convnext_tiny,finetuned,1,1530,0.8431372549019602,0.842213300676672,0.023224756121635416,0.017759857945192876,0.2254617833597225,0.22548331544708816,0.48214006423950195,0.48086780309677124,1.0331001333414402,0.9756116467013916,1.1057275332828067,1.0831417293716465,0.9756116467013916,1.0167437402304924,0.9842760171208634,1.1057275332828067,-0.00546489817644254,2.1532087365661035e-05,-0.0012722611427307129
convnext_tiny,finetuned,2,1530,0.8300653594771237,0.8268095866755053,0.040948517941961096,0.037773902704513154,0.22421682462721215,0.22352290035597097,0.45996955037117004,0.45890554785728455,1.038016311970344,0.9797824620335722,1.0893738157305906,1.0893738157305906,0.9890394943913362,0.9797824620335722,1.0857824397982008,1.0461033478980213,-0.003174615237447942,-0.0006939242712411808,-0.001064002513885498
convnext_tiny,finetuned,3,1530,0.8457516339869277,0.8441919922409147,0.03163056665775824,0.03062191510122588,0.23154874589562974,0.23070271074388382,0.48772403597831726,0.48593461513519287,1.0363409047417456,0.9313156721643061,1.1085360972162472,1.1085360972162472,1.0299154825316705,0.9313156721643061,1.034033150348676,1.0779041214478284,-0.0010086515565323612,-0.0008460351517459164,-0.0017894208431243896
convnext_tiny,frozen,1,1530,0.8313725490196073,0.8304328602680923,0.039320318605385575,0.019230285228467432,0.24209961570270797,0.23881782884855585,0.5260282158851624,0.5120343565940857,1.1701018935205991,1.0092847269900842,1.3122346489149288,1.3122346489149288,1.053668065271858,1.0092847269900842,1.199007270170811,1.2763147562553148,-0.020090033376918143,-0.003281786854152119,-0.01399385929107666
convnext_tiny,frozen,2,1530,0.8241830065359472,0.8226555724126746,0.047649402809298885,0.02505169884831297,0.2467573816094611,0.2438584460752412,0.5424388647079468,0.5269683599472046,1.1606107903134277,1.0125048338098943,1.2628500710685702,1.0125048338098943,1.2091578418244529,1.2628500710685702,1.0822647063881488,1.2362764984760741,-0.022597703960985916,-0.002898935534219882,-0.015470504760742188
convnext_tiny,frozen,3,1530,0.8254901960784309,0.8241950359697912,0.05138311567259767,0.026864997253698484,0.24969512953669873,0.24588658732870922,0.5549644827842712,0.5308545827865601,1.1504950832606835,1.0264382633331042,1.2526562204504352,1.1479228490290365,1.1963729325031298,1.2526562204504352,1.1290851509877111,1.0264382633331042,-0.024518118418899188,-0.0038085422079895126,-0.02410989999771118
efficientnet_b0,finetuned,1,1530,0.8228758169934636,0.8220574943197478,0.055004176828596325,0.02705392921282577,0.24768546497978983,0.24203453971949265,0.5349916815757751,0.5161425471305847,0.7439927605557711,0.6822285173269127,0.8653005109211404,0.8653005109211404,0.6953616569426043,0.733984501734581,0.6822285173269127,0.7430886158536177,-0.027950247615770557,-0.005650925260297174,-0.01884913444519043
efficientnet_b0,finetuned,2,1530,0.8196078431372544,0.8193594028918035,0.06521557230575413,0.02976317596591378,0.2493894709756181,0.24338074381186536,0.5374060273170471,0.5163838267326355,0.7437464947925074,0.6755334654419264,0.8083203755154127,0.8083203755154127,0.7157199022208394,0.7554013796310296,0.6755334654419264,0.7637573511533291,-0.03545239633984035,-0.006008727163752725,-0.02102220058441162
efficientnet_b0,finetuned,3,1530,0.8169934640522871,0.8161650634608627,0.04781906423615474,0.02169006005221725,0.252196116423467,0.24857176020662525,0.5423849821090698,0.5286582112312317,0.7538233041828533,0.6716810525262679,0.8336528671962921,0.8336528671962921,0.685020270657806,0.81441749420223,0.6716810525262679,0.7643448363316705,-0.026129004183937495,-0.003624356216841762,-0.013726770877838135
efficientnet_b0,frozen,1,1530,0.8124183006535943,0.811079752242021,0.05559409126347188,0.04761083063736462,0.25399280352578085,0.24598563668769552,0.5480772852897644,0.5186700820922852,1.2029465423140053,1.0122348176597915,1.4984764292098052,1.4984764292098052,1.0122348176597915,1.2840200826536143,1.1425612077484457,1.0774401742983695,-0.007983260626107262,-0.008007166838085333,-0.029407203197479248
efficientnet_b0,frozen,2,1530,0.817647058823529,0.8163636407586631,0.048700872862261116,0.04144162352568182,0.24995708189827148,0.24750162269419576,0.5339339971542358,0.5286157727241516,1.1228331013399697,0.9981983083388553,1.3736781180148243,1.199108191590071,1.0364573079296122,0.9981983083388553,1.0067235808264847,1.3736781180148243,-0.0072592493365792946,-0.0024554592040757217,-0.0053182244300842285
efficientnet_b0,frozen,3,1530,0.8254901960784309,0.823985006470402,0.044840632680974,0.029231774534275362,0.23877431862959775,0.23668103646621624,0.5230944752693176,0.5107346177101135,1.2017850845620117,0.9509293187569138,1.4233568521766358,1.2350308990359493,1.0861508821870252,0.9509293187569138,1.3134574706535347,1.4233568521766358,-0.015608858146698636,-0.0020932821633815046,-0.012359857559204102
efficientnet_v2_b0,finetuned,1,1530,0.798039215686274,0.7982890283184328,0.11696450527197394,0.03483567857274822,0.29485127271011563,0.2707982283125328,0.6496091485023499,0.5845668315887451,0.5741764397537008,0.5008207146233378,0.6531504259554002,0.634044409533172,0.5008207146233378,0.5726492093278276,0.5102174393287666,0.6531504259554002,-0.08212882669922572,-0.024053044397582823,-0.06504231691360474
efficientnet_v2_b0,finetuned,2,1530,0.809803921568627,0.8097244443786775,0.11695698565906948,0.03442167896850436,0.27752978304234144,0.25299217220449194,0.6114630699157715,0.5428879261016846,0.54928956397162,0.48939576342201013,0.6145295824179157,0.6145295824179157,0.5454170263745399,0.5608950204580758,0.48939576342201013,0.5362104271855582,-0.08253530669056512,-0.0245376108378495,-0.06857514381408691
efficientnet_v2_b0,finetuned,3,1530,0.8071895424836597,0.807263178948571,0.1236108099713045,0.028786135713259345,0.28190573134733143,0.2560411759410638,0.6192867159843445,0.5514679551124573,0.5527190105631318,0.47497753083962396,0.6061457872063348,0.5960954993283495,0.5388555222359046,0.6061457872063348,0.47497753083962396,0.5475207132054463,-0.09482467425804515,-0.025864555406267642,-0.06781876087188721
efficientnet_v2_b0,frozen,1,1530,0.8267973856209145,0.8253844003140388,0.05419379634405275,0.03251406034223392,0.24687468918171518,0.24028319485205332,0.5442336797714233,0.5182566046714783,1.2187292150836824,1.0569089317461078,1.4471187308837974,1.2386893099829293,1.1715276037732005,1.179401499032377,1.0569089317461078,1.4471187308837974,-0.021679736001818828,-0.006591494329661857,-0.02597707509994507
efficientnet_v2_b0,frozen,2,1530,0.8189542483660126,0.8173075134658475,0.05435683444824095,0.04098887735722109,0.24619831109083762,0.24157553799582823,0.5356841683387756,0.5157586932182312,1.2280810839144654,0.9602036250659437,1.532232163737035,1.1255467766173068,0.9602036250659437,1.0687703478199497,1.4536525063320904,1.532232163737035,-0.013367957091019858,-0.004622773095009386,-0.019925475120544434
efficientnet_v2_b0,frozen,3,1530,0.8209150326797381,0.8197093374779573,0.06420281700838622,0.027464480123488722,0.2559330686612702,0.24683789886909488,0.5644605159759521,0.5264443159103394,1.3133908216934576,1.2238081574197561,1.4533837669790048,1.2669358819775205,1.2238081574197561,1.3296866208831664,1.293139681207839,1.4533837669790048,-0.0367383368848975,-0.009095169792175312,-0.03801620006561279
mobilenet_v2,finetuned,1,1530,0.8084967320261434,0.8074995324438493,0.03341425651428746,0.03128428496176902,0.2561889583565302,0.2575971704904184,0.5453410744667053,0.5494454503059387,1.0676574489116004,0.9654135467513327,1.3059173903927073,1.0678076722666396,0.9699682227838644,1.0291804123634587,0.9654135467513327,1.3059173903927073,-0.002129971552518442,0.001408212133888198,0.0041043758392333984
mobilenet_v2,finetuned,2,1530,0.7960784313725485,0.795214551595735,0.035904812851762474,0.034364706745334664,0.27717174484190676,0.27611671341117977,0.5805835723876953,0.5787726044654846,1.0911859594742401,0.9822557859157248,1.2473685286716902,1.2473685286716902,0.9822557859157248,1.015583535263948,0.9959034756183384,1.2148184719014983,-0.0015401061064278104,-0.0010550314307269937,-0.0018109679222106934
mobilenet_v2,finetuned,3,1530,0.7973856209150322,0.7962934323700631,0.039081567759607326,0.033399299585741324,0.2688444631777989,0.2679035533921404,0.572970449924469,0.5687141418457031,1.105229511321287,0.9949826353531434,1.2176247390346082,1.2116873204861573,1.0493976059801093,1.0524552557524172,0.9949826353531434,1.2176247390346082,-0.005682268173866002,-0.000940909785658528,-0.004256308078765869
mobilenet_v2,frozen,1,1530,0.7862745098039211,0.7861553152656627,0.047249229515300036,0.042292463039261076,0.30724338567342774,0.30614273883195997,0.6412351131439209,0.6348704099655151,1.0525945614150758,0.9862562453998674,1.0905511856773835,0.9862562453998674,1.0698783518801342,1.0905511856773835,1.0305729327093007,1.0857140914086942,-0.00495676647603896,-0.0011006468414677673,-0.006364703178405762
mobilenet_v2,frozen,2,1530,0.7882352941176466,0.7873310634269081,0.05585300657484266,0.027543251226150898,0.2973267913608131,0.2930256077730907,0.6474892497062683,0.6169130206108093,1.1895867643527909,1.045162874331814,1.368719152759758,1.045162874331814,1.0818918998185891,1.368719152759758,1.338739046222711,1.1134208486310824,-0.028309755348691765,-0.004301183587722357,-0.030576229095458984
mobilenet_v2,frozen,3,1530,0.7895424836601302,0.789558977599819,0.05339100569291832,0.03350852646079716,0.2966034528306034,0.29215447059257715,0.6182698607444763,0.6001046299934387,1.18515442782475,1.0940656631340462,1.3098206534417265,1.0967334240528608,1.1685917441762028,1.256560654318913,1.0940656631340462,1.3098206534417265,-0.019882479232121157,-0.004448982238026256,-0.018165230751037598
mobilenet_v3_small,finetuned,1,1530,0.77516339869281,0.7748374134512583,0.12278445300713084,0.04512203890903324,0.34003477023232875,0.31777389041779197,0.7385715842247009,0.6967523097991943,0.7058473869814119,0.6099358770444131,0.7620885399506329,0.7372797377317329,0.6931562098144984,0.7267765703657822,0.6099358770444131,0.7620885399506329,-0.0776624140980976,-0.022260879814536783,-0.04181927442550659
mobilenet_v3_small,finetuned,2,1530,0.7692810457516335,0.7661768513013468,0.0939707111494214,0.026252716214828224,0.32890474709851925,0.320688123364521,0.7125380039215088,0.69576495885849,0.7397530366585933,0.5458825709008203,0.8784591276266054,0.8784591276266054,0.7145177788640767,0.71109013554976,0.5458825709008203,0.8488155703517044,-0.06771799493459318,-0.00821662373399823,-0.0167730450630188
mobilenet_v3_small,finetuned,3,1530,0.7607843137254897,0.7578466613785194,0.11137856463201685,0.02947415783514383,0.35159798537826953,0.33360042146140695,0.7630780339241028,0.7283586263656616,0.6764449537385728,0.5498960459663073,0.8065648861422416,0.8065648861422416,0.6208279069746965,0.7046480596658172,0.5498960459663073,0.7002878699438015,-0.08190440679687302,-0.01799756391686258,-0.03471940755844116
mobilenet_v3_small,frozen,1,1530,0.8228758169934636,0.8230024763196634,0.04158653482502579,0.02171784323804519,0.2671135986189506,0.26216396586377283,0.600669264793396,0.5721668004989624,1.2073699973357888,1.0940164464818365,1.3780262150414582,1.3780262150414582,1.190002180334709,1.1429735108872254,1.0940164464818365,1.2318316339337152,-0.019868691586980604,-0.004949632755177791,-0.028502464294433594
mobilenet_v3_small,frozen,2,1530,0.8130718954248362,0.8134331583956099,0.05734884179885094,0.026626863140685898,0.266053395568084,0.261178178175312,0.5801683664321899,0.5541706681251526,1.272567705238263,1.0953495232289003,1.4745252473607908,1.3308440579180898,1.0953495232289003,1.2734261246984135,1.1886935729851194,1.4745252473607908,-0.030721978658165044,-0.004875217392771969,-0.025997698307037354
mobilenet_v3_small,frozen,3,1530,0.8091503267973852,0.8088195467648678,0.0461576008134418,0.02725640778837637,0.2689248239724242,0.2653917235345273,0.5881397724151611,0.5674477815628052,1.2127720831115514,1.1188461458802599,1.4387331917692023,1.1806069142625113,1.1895808114835638,1.13609335216222,1.1188461458802599,1.4387331917692023,-0.01890119302506543,-0.0035331004378968967,-0.020691990852355957
nasnet_mobile,finetuned,1,1530,0.7431372549019604,0.7406419872852122,0.12300168737476948,0.036478790212300855,0.37902222234694916,0.3569416032416117,0.8081107139587402,0.7599498629570007,0.6707032733486092,0.6063632432938971,0.7238311459619385,0.6561938785315518,0.7170016548901692,0.6063632432938971,0.6501264440654895,0.7238311459619385,-0.08652289716246862,-0.02208061910533743,-0.0481608510017395
nasnet_mobile,finetuned,2,1530,0.72875816993464,0.7257367405926153,0.11660977629275106,0.02860866648698943,0.3853594235263795,0.363976721367087,0.824427604675293,0.7728491425514221,0.6812720589580508,0.5599048558422438,0.745331519361733,0.6447711024289459,0.7179596222040199,0.5599048558422438,0.7383931949533115,0.745331519361733,-0.08800110980576163,-0.0213827021592925,-0.05157846212387085
nasnet_mobile,finetuned,3,1530,0.7594771241830061,0.7573833232946202,0.14493137699326655,0.024221495670430814,0.374166650736143,0.34647022946144684,0.8023721575737,0.7416396737098694,0.6660011866389844,0.5803622810411941,0.7752596077408087,0.6620085687715289,0.7095858809564635,0.5803622810411941,0.6027895946849264,0.7752596077408087,-0.12070988132283574,-0.02769642127469618,-0.060732483863830566
nasnet_mobile,frozen,1,1530,0.7934640522875812,0.7926203717010121,0.060145093179216555,0.015389670714054256,0.30407637732643944,0.29599064135272213,0.6740082502365112,0.624889075756073,1.3441804573639409,1.2719372669330564,1.43515087750897,1.43515087750897,1.3146795333758943,1.2719372669330564,1.3728990766448164,1.326235532356968,-0.0447554224651623,-0.008085735973717312,-0.04911917448043823
nasnet_mobile,frozen,2,1530,0.783006535947712,0.7826047320581595,0.05178627983417387,0.01949417328133306,0.30755532714225714,0.3038334974616421,0.677727222442627,0.6474897265434265,1.2159031932166542,1.0511684085249684,1.4479642904730436,1.0511684085249684,1.2975967411944485,1.1091055398828864,1.4479642904730436,1.1736809860079247,-0.032292106552840816,-0.0037218296806150186,-0.03023749589920044
nasnet_mobile,frozen,3,1530,0.7810457516339865,0.7827006728058074,0.034818145379521485,0.020222206618271614,0.3229585688819753,0.31883752592739295,0.7010299563407898,0.6773418188095093,1.1417501809882697,0.9538121521471898,1.3354514096737093,1.3354514096737093,1.1501398143921246,1.2453361276149704,0.9538121521471898,1.0240114011133552,-0.014595938761249871,-0.004121042954582377,-0.023688137531280518
resnet_50,finetuned,1,1530,0.8202614379084963,0.8191578200680256,0.03034510974790534,0.025102141908570845,0.24462210647003887,0.24242714381901434,0.5331352949142456,0.5258121490478516,1.0852215147157902,0.9080390861719976,1.1657348195506612,1.1217179736116134,1.1604610211315498,1.07015467311313,0.9080390861719976,1.1657348195506612,-0.005242967839334495,-0.0021949626510245346,-0.007323145866394043
resnet_50,finetuned,2,1530,0.8241830065359472,0.8235574180076343,0.019261744696330397,0.01213463874034631,0.250762527092649,0.24947647554065222,0.5365880727767944,0.5324378609657288,1.095414663752416,0.9743807718401408,1.2662825033279685,1.2662825033279685,1.0740833070757112,0.9933434676064556,0.9743807718401408,1.1689832689118043,-0.007127105955984087,-0.0012860515519967919,-0.004150211811065674
resnet_50,finetuned,3,1530,0.8254901960784309,0.8242440216712978,0.01794055934045829,0.01846516876438866,0.24595572728637158,0.24506379531572908,0.5408803224563599,0.5371659994125366,1.1378939488175532,0.8930086635268225,1.3157366401300394,1.3157366401300394,1.0675760318513106,1.118497973033241,0.8930086635268225,1.2946504355463528,0.0005246094239303722,-0.0008919319706424955,-0.003714323043823242
resnet_50,frozen,1,1530,0.8156862745098035,0.8139701254451771,0.06221437771725502,0.04432664496057172,0.2498700399093373,0.24313085820634597,0.546646237373352,0.5175706148147583,1.3522194707397819,1.1271769169218042,1.531530503240373,1.531530503240373,1.2631051500916366,1.3620462964910118,1.1271769169218042,1.4772384869540844,-0.017887732756683303,-0.006739181702991315,-0.02907562255859375
resnet_50,frozen,2,1530,0.8307189542483655,0.8303529538905784,0.049388290561881744,0.018187548619469772,0.24306833417432538,0.2365158348093257,0.5095202326774597,0.48529160022735596,1.4232856566278094,1.211116510061808,1.701589112150839,1.6316088368510728,1.211116510061808,1.2311157909264336,1.3409980331488929,1.701589112150839,-0.031200741942411972,-0.0065524993649996865,-0.02422863245010376
resnet_50,frozen,3,1530,0.8163398692810453,0.8162826306138583,0.057742552410543345,0.024734020213675628,0.25784304430495064,0.2491850071209072,0.5514166355133057,0.5186491012573242,1.3644472875603877,1.1969832141255161,1.5990728121326996,1.4860601341956892,1.3014836559805938,1.2386366213674402,1.5990728121326996,1.1969832141255161,-0.03300853219686772,-0.008658037184043454,-0.032767534255981445
