arch,strategy,class,support,precision_mean,precision_std,recall_mean,recall_std,f1_mean,f1_std
convnext_tiny,finetuned,demodicosis,256.0,0.9846345741958208,0.006567351780665237,0.9986979166666626,0.0022552744890219838,0.9916032290047406,0.0022073409456953436
convnext_tiny,finetuned,dermatitis,253.0,0.7122518218483297,0.01406667948803574,0.8036890645586267,0.049735404711928353,0.7545267748252439,0.019634857804543618
convnext_tiny,finetuned,flea_allergy,251.0,0.8209985569985535,0.030504617465025155,0.7875166002656012,0.0023002002756558775,0.8036973278909102,0.01350978158439004
convnext_tiny,finetuned,fungus,260.0,0.8291552937571686,0.020230332636029042,0.9128205128205092,0.019358549834027496,0.868852691900517,0.015424553899627347
convnext_tiny,finetuned,ringworm,256.0,0.8690459041582602,0.019955864165782836,0.8671874999999966,0.028168369339562307,0.8676710684995728,0.00451965155424628
convnext_tiny,finetuned,scabies,254.0,0.8363024666818477,0.016984449384114073,0.6640419947506536,0.03182245578210526,0.7400786670651991,0.0239324859580948
convnext_tiny,frozen,demodicosis,256.0,0.9768337849733161,0.006687704093394803,0.988281249999996,0.007812499999999958,0.9825217240801707,0.00700632079665666
convnext_tiny,frozen,dermatitis,253.0,0.726848496448761,0.00536974799685409,0.7747035573122499,0.006846050622801847,0.7499975159469283,0.004395087681479897
convnext_tiny,frozen,flea_allergy,251.0,0.8183411768740245,0.007360284325375505,0.7835325365205813,0.004600400551311755,0.8005486288136016,0.004963253636537664
convnext_tiny,frozen,fungus,260.0,0.8415476262785191,0.012476888613795522,0.8499999999999966,0.013867504905630677,0.8456566357046761,0.007135860318125246
convnext_tiny,frozen,ringworm,256.0,0.831105863546647,0.015055959209002294,0.8763020833333298,0.005966895436140314,0.8530212769453945,0.005481470312569579
convnext_tiny,frozen,scabies,254.0,0.7634113316932667,0.013867429837071588,0.6863517060367427,0.019420798670536272,0.7228211558103449,0.016969333052045617
efficientnet_b0,finetuned,demodicosis,256.0,0.9832475255427803,0.01460630847599816,0.9804687499999961,0.010334966058845952,0.9817643300229241,0.004841395840909132
efficientnet_b0,finetuned,dermatitis,253.0,0.7243073799346189,0.006216619027441063,0.7786561264822104,0.010457515063496346,0.7504636741788518,0.005483568878303671
efficientnet_b0,finetuned,flea_allergy,251.0,0.836249469790903,0.022691129626138302,0.7689243027888416,0.019920318725099473,0.8008200314561374,0.004565775238419719
efficientnet_b0,finetuned,fungus,260.0,0.7500020408242495,0.0014746457485984288,0.8461538461538428,0.011538461538461497,0.7951567309063533,0.005158608985470318
efficientnet_b0,finetuned,ringworm,256.0,0.8318417491088587,0.020648541470148662,0.8554687499999966,0.010334966058846057,0.8434573114607061,0.01527866696262887
efficientnet_b0,finetuned,scabies,254.0,0.8112295864907152,0.024013007464713288,0.6863517060367427,0.008195535430969026,0.7435018433198555,0.01312417879981148
efficientnet_b0,frozen,demodicosis,256.0,0.9831011683952822,0.008771554070218963,0.9804687499999961,0.0067658234670659265,0.9817523690634841,0.004027502844290245
efficientnet_b0,frozen,dermatitis,253.0,0.7353609887565716,0.00892702727888627,0.7246376811594174,0.004564033748534573,0.7299398778196146,0.005260752292992209
efficientnet_b0,frozen,flea_allergy,251.0,0.8024187115096174,0.018507353127155447,0.8021248339973407,0.019652919770184154,0.8021144263554921,0.013042430051818384
efficientnet_b0,frozen,fungus,260.0,0.7910301372096864,0.00850822425618939,0.8448717948717915,0.025608954301843727,0.8169992350689103,0.016071835743390706
efficientnet_b0,frozen,ringworm,256.0,0.8242243247555597,0.014230914883392008,0.8710937499999964,0.015624999999999889,0.8468366978173202,0.0004736297776100244
efficientnet_b0,frozen,scabies,254.0,0.7706477554802501,0.03604417898788489,0.6850393700787375,0.011811023622047223,0.7252141928173512,0.02253816201186686
efficientnet_v2_b0,finetuned,demodicosis,256.0,0.945759578217924,0.008171513127980685,0.9752604166666629,0.005966895436140401,0.9602628681404003,0.004742723892201773
efficientnet_v2_b0,finetuned,dermatitis,253.0,0.6601981222697909,0.01245537570804216,0.7786561264822103,0.027667984189723244,0.7145172538505049,0.01893224620596969
efficientnet_v2_b0,finetuned,flea_allergy,251.0,0.8469027029966787,0.020406316455759,0.7543160690571019,0.004600400551311755,0.7978125604135861,0.006399078550355123
efficientnet_v2_b0,finetuned,fungus,260.0,0.7511549104898064,0.01548022255911662,0.8243589743589711,0.019358549834027496,0.7860462264489918,0.016977943490787916
efficientnet_v2_b0,finetuned,ringworm,256.0,0.8213414540728093,0.02641526050343564,0.80989583333333,0.009021097956087798,0.8153278729019503,0.008940059113543397
efficientnet_v2_b0,finetuned,scabies,254.0,0.845023923444972,0.02215280002263228,0.6850393700787375,0.003937007874015741,0.7565865215359291,0.009626125108176817
efficientnet_v2_b0,frozen,demodicosis,256.0,0.9730508039237616,0.010082383217410512,0.9856770833333294,0.00813150781041452,0.979307847643232,0.00783315785218791
efficientnet_v2_b0,frozen,dermatitis,253.0,0.7599342010668108,0.020439284246213572,0.7312252964426849,0.018112947410892543,0.7449747117419472,0.0014825567304430328
efficientnet_v2_b0,frozen,flea_allergy,251.0,0.7588304917455361,0.015305232893177215,0.796812749003981,0.010540841876751347,0.7772347676286026,0.00566498542570436
efficientnet_v2_b0,frozen,fungus,260.0,0.8294603407056907,0.015962834618635045,0.8538461538461505,0.013867504905630677,0.8414562962550537,0.014126196422910407
efficientnet_v2_b0,frozen,ringworm,256.0,0.8151124337607135,0.028779853257961494,0.8567708333333299,0.005966895436140429,0.8351961196142904,0.013081060867590288
efficientnet_v2_b0,frozen,scabies,254.0,0.792292177247926,0.008550898274432448,0.7060367454068214,0.01860557333170309,0.7466327596325613,0.013460387711153389
mobilenet_v2,finetuned,demodicosis,256.0,0.9483037046418694,0.02767615152783218,0.9466145833333295,0.012556836928376223,0.9473407030980064,0.017271870483248374
mobilenet_v2,finetuned,dermatitis,253.0,0.7643515873956762,0.030502239155464163,0.7167325428194965,0.02176905354658529,0.7391797759276412,0.004026067605590533
mobilenet_v2,finetuned,flea_allergy,251.0,0.7975919388342779,0.02500192650162988,0.7622841965471417,0.012171515790055341,0.7794514674107108,0.016405852306988898
mobilenet_v2,finetuned,fungus,260.0,0.7196581473180407,0.017218265238151436,0.8499999999999966,0.03668996928526701,0.7789402369784395,0.012069128023208416
mobilenet_v2,finetuned,ringworm,256.0,0.8320054269540016,0.010287417478914805,0.8437499999999966,0.010334966058845978,0.8377520375412598,0.0003966803391692401
mobilenet_v2,finetuned,scabies,254.0,0.7541375916979748,0.023123565612228118,0.6811023622047218,0.020832687488697526,0.7153508118632371,0.006795437450539511
mobilenet_v2,frozen,demodicosis,256.0,0.9245083954386244,0.007100387055392415,0.9401041666666629,0.00596689543614042,0.9322175501196569,0.0032337778353182254
mobilenet_v2,frozen,dermatitis,253.0,0.6789180683380914,0.023651276506318437,0.769433465085636,0.013880966736301287,0.7211190809974649,0.013133387555729757
mobilenet_v2,frozen,flea_allergy,251.0,0.7541535897155388,0.016240587198368656,0.7569721115537819,0.003984063745019917,0.7555231793625556,0.009974602972877052
mobilenet_v2,frozen,fungus,260.0,0.7997174070251999,0.05464616299477452,0.7564102564102534,0.051217908603687384,0.7751655726948581,0.01025547129945864
mobilenet_v2,frozen,ringworm,256.0,0.8307966796300718,0.019420681851266035,0.8203124999999968,0.03382911733532952,0.8249912177099,0.009902698815205321
mobilenet_v2,frozen,scabies,254.0,0.7541963848681877,0.011929430696415076,0.6837270341207322,0.01860557333170309,0.7170741117003443,0.009195824114886432
mobilenet_v3_small,finetuned,demodicosis,256.0,0.9348107648043779,0.011713339706248114,0.9869791666666626,0.01371829915736031,0.9600974297446524,0.00568110483515603
mobilenet_v3_small,finetuned,dermatitis,253.0,0.6630683769406492,0.019803815170231675,0.7285902503293779,0.025102185616940113,0.6938335755395074,0.005552302413266057
mobilenet_v3_small,finetuned,flea_allergy,251.0,0.7706946934980375,0.013021098745889673,0.7410358565737022,0.017366131249165934,0.7555521328163581,0.014645491406176875
mobilenet_v3_small,finetuned,fungus,260.0,0.662168642678853,0.023249818443280303,0.7397435897435868,0.022536404911854928,0.6985942618833608,0.017252439620347098
mobilenet_v3_small,finetuned,ringworm,256.0,0.8008622186916282,0.01761682761661252,0.8307291666666634,0.009830513587592135,0.8153840468017086,0.006253662915355461
mobilenet_v3_small,finetuned,scabies,254.0,0.8043487755319028,0.02307339046544845,0.5813648293963232,0.043187618561428526,0.674260405476662,0.030553786518770956
mobilenet_v3_small,frozen,demodicosis,256.0,0.9986449864498604,0.002346952313778995,0.9674479166666629,0.011933790872280796,0.982780346818108,0.007045373292270903
mobilenet_v3_small,frozen,dermatitis,253.0,0.713243736529139,0.013732746730314466,0.7430830039525662,0.0039525691699604515,0.7277867685092151,0.005578282319915461
mobilenet_v3_small,frozen,flea_allergy,251.0,0.7738589369055822,0.019844633108160654,0.7808764940239014,0.014364746117386341,0.7773064933093767,0.015772494201511843
mobilenet_v3_small,frozen,fungus,260.0,0.8169191919191888,0.012176326718425444,0.8294871794871762,0.012363654821785796,0.8231552162844841,0.012269275777344775
mobilenet_v3_small,frozen,ringworm,256.0,0.8528167983611321,0.025718160489265878,0.8554687499999966,0.0078125,0.8539218062113793,0.0092313807890652
mobilenet_v3_small,frozen,scabies,254.0,0.7417755095977002,0.02847940302011303,0.7112860892388424,0.026213890230233735,0.725559731827719,0.006431252918272962
nasnet_mobile,finetuned,demodicosis,256.0,0.8788583585822956,0.014483099387667418,0.9622395833333295,0.0022552744890219595,0.9186274745254909,0.008744020233504176
nasnet_mobile,finetuned,dermatitis,253.0,0.7711494131051074,0.014497111946037318,0.6363636363636339,0.04454319236989959,0.6963990996870755,0.022008979221418715
nasnet_mobile,finetuned,flea_allergy,251.0,0.6761103417689416,0.01119694372527572,0.7755644090305415,0.01610140192959112,0.7223141788918753,0.007573786989122575
nasnet_mobile,finetuned,fungus,260.0,0.7157070772263722,0.016611251398755966,0.7089743589743561,0.0389076689884447,0.7118782481936118,0.020097145077361992
nasnet_mobile,finetuned,ringworm,256.0,0.7434965179165584,0.030508047593395832,0.7473958333333304,0.0045105489780439675,0.7451685614444502,0.012863939040837625
nasnet_mobile,finetuned,scabies,254.0,0.6770661384560223,0.05158828754612501,0.6312335958005225,0.02168334861136256,0.6531365396023923,0.03544324234800053
nasnet_mobile,frozen,demodicosis,256.0,0.9753461520945926,0.009742116998348635,0.9778645833333295,0.008131507810414577,0.9765979403529689,0.008482109255669525
nasnet_mobile,frozen,dermatitis,253.0,0.7028826773181781,0.007352024750083002,0.7167325428194965,0.01597411811987098,0.7096738089536507,0.009080389260629682
nasnet_mobile,frozen,flea_allergy,251.0,0.7599643383490081,0.029578102893608117,0.7702523240371816,0.006085757895027555,0.7648568598007452,0.01475861023664149
nasnet_mobile,frozen,fungus,260.0,0.7790855108251037,0.021479586125512352,0.764102564102561,0.03489912202260552,0.7708477694276001,0.008934722627898638
nasnet_mobile,frozen,ringworm,256.0,0.8298328702297485,0.024468306477700694,0.79817708333333,0.01926907368092271,0.8135746470175795,0.018204536726547028
nasnet_mobile,frozen,scabies,254.0,0.6774664681323147,0.056516253123070605,0.6863517060367427,0.032065070138767936,0.6803005275774133,0.02481642127301977
resnet_50,finetuned,demodicosis,256.0,0.9896383552307336,0.002154466873624985,0.9934895833333294,0.00813150781041451,0.9915426500767911,0.003026760038405946
resnet_50,finetuned,dermatitis,253.0,0.723127189231017,0.022608762002329877,0.7312252964426849,0.0,0.7270352620436613,0.011428291826947776
resnet_50,finetuned,flea_allergy,251.0,0.8389100002651636,0.010828880994101056,0.7875166002656012,0.021942512140581974,0.8122441456233691,0.011055596568283674
resnet_50,finetuned,fungus,260.0,0.7736521609598225,0.0036522367046536827,0.8499999999999966,0.01676499593669484,0.8099692902115057,0.007436898077267778
resnet_50,finetuned,ringworm,256.0,0.8329437497653078,0.006646991157697794,0.8697916666666631,0.00813150781041452,0.8509523809518779,0.0057735026918962614
resnet_50,finetuned,scabies,254.0,0.7842947882988277,0.018262491863155858,0.7047244094488162,0.020832687488697474,0.7421747905867102,0.012615107923990293
resnet_50,frozen,demodicosis,256.0,0.9921721813725451,0.003898613257860695,0.9895833333333294,0.0022552744890219838,0.990875224233025,0.002979290005972822
resnet_50,frozen,dermatitis,253.0,0.7666861103496663,0.011802948154053208,0.7509881422924872,0.04454319236989964,0.7580540606648595,0.018004860062388616
resnet_50,frozen,flea_allergy,251.0,0.8402710402710366,0.01803733665513546,0.7596281540504618,0.004600400551311755,0.7978181896323181,0.00583121622892447
resnet_50,frozen,fungus,260.0,0.7942546038622474,0.019555422515275964,0.8397435897435864,0.02472730964357159,0.8161690723246752,0.015831997734618786
resnet_50,frozen,ringworm,256.0,0.8129986688062812,0.05025953531620535,0.8658854166666633,0.027713276892959177,0.8374886842024631,0.019478387082730555
resnet_50,frozen,scabies,254.0,0.725996875996873,0.02439119683365,0.7165354330708634,0.021920332137126002,0.7208061888418863,0.008502556704361067
