arch,strategy,seed,fold,n_images,accuracy,macro_f1
convnext_tiny,finetuned,1,0,290,0.8068965517241351,0.81457714986621
convnext_tiny,finetuned,1,1,313,0.8115015974440868,0.8017604988074821
convnext_tiny,finetuned,1,2,335,0.8835820895522362,0.8800587274740429
convnext_tiny,finetuned,1,3,297,0.814814814814812,0.821761873461284
convnext_tiny,finetuned,1,4,295,0.894915254237285,0.8887776549993517
convnext_tiny,finetuned,2,0,290,0.8275862068965488,0.8316873666144783
convnext_tiny,finetuned,2,1,313,0.7923322683706044,0.7837220683422879
convnext_tiny,finetuned,2,2,335,0.8567164179104452,0.8518063170912664
convnext_tiny,finetuned,2,3,297,0.8350168350168321,0.8367639753358264
convnext_tiny,finetuned,2,4,295,0.8372881355932175,0.8298478337945903
convnext_tiny,finetuned,3,0,290,0.8103448275862041,0.8136436468245218
convnext_tiny,finetuned,3,1,313,0.8115015974440868,0.803059898482089
convnext_tiny,finetuned,3,2,335,0.8805970149253705,0.8779769343502227
convnext_tiny,finetuned,3,3,297,0.8383838383838355,0.8434601964979359
convnext_tiny,finetuned,3,4,295,0.8847457627118613,0.8771513152668412
convnext_tiny,frozen,1,0,290,0.7793103448275834,0.7880658044263865
convnext_tiny,frozen,1,1,313,0.8242811501597417,0.8148198215995509
convnext_tiny,frozen,1,2,335,0.8537313432835795,0.848431659334941
convnext_tiny,frozen,1,3,297,0.8552188552188523,0.8592487795857483
convnext_tiny,frozen,1,4,295,0.840677966101692,0.8387514396412938
convnext_tiny,frozen,2,0,290,0.7758620689655145,0.7841242832826713
convnext_tiny,frozen,2,1,313,0.8306709265175691,0.8242308208732463
convnext_tiny,frozen,2,2,335,0.8567164179104452,0.8507642920891132
convnext_tiny,frozen,2,3,297,0.7946127946127919,0.7998002023528791
convnext_tiny,frozen,2,4,295,0.8576271186440648,0.853546454060094
convnext_tiny,frozen,3,0,290,0.7689655172413766,0.7791042749438337
convnext_tiny,frozen,3,1,313,0.8178913738019142,0.8084522274592705
convnext_tiny,frozen,3,2,335,0.8865671641791018,0.8822568863284123
convnext_tiny,frozen,3,3,297,0.8114478114478086,0.8166948668949207
convnext_tiny,frozen,3,4,295,0.8338983050847428,0.829637756312498
efficientnet_b0,finetuned,1,0,290,0.7724137931034456,0.7767561914934196
efficientnet_b0,finetuned,1,1,313,0.7891373801916907,0.7804494267282952
efficientnet_b0,finetuned,1,2,335,0.8268656716417885,0.8236097763963489
efficientnet_b0,finetuned,1,3,297,0.8451178451178422,0.8528301577238349
efficientnet_b0,finetuned,1,4,295,0.8813559322033868,0.877566471589149
efficientnet_b0,finetuned,2,0,290,0.7689655172413766,0.775956929806248
efficientnet_b0,finetuned,2,1,313,0.7891373801916907,0.7797283282911844
efficientnet_b0,finetuned,2,2,335,0.8328358208955199,0.8298041180020891
efficientnet_b0,finetuned,2,3,297,0.8282828282828254,0.834786182015331
efficientnet_b0,finetuned,2,4,295,0.8779661016949122,0.8729837369606431
efficientnet_b0,finetuned,3,0,290,0.7517241379310319,0.7579166494112114
efficientnet_b0,finetuned,3,1,313,0.7987220447284319,0.7914826082877138
efficientnet_b0,finetuned,3,2,335,0.8597014925373108,0.8557129383858303
efficientnet_b0,finetuned,3,3,297,0.8181818181818153,0.8240050084930296
efficientnet_b0,finetuned,3,4,295,0.8508474576271157,0.846711695200363
efficientnet_b0,frozen,1,0,290,0.7689655172413766,0.7733160110795918
efficientnet_b0,frozen,1,1,313,0.7955271565495181,0.7848096807795949
efficientnet_b0,frozen,1,2,335,0.8388059701492512,0.8344954302019683
efficientnet_b0,frozen,1,3,297,0.8316498316498288,0.8369425122787506
efficientnet_b0,frozen,1,4,295,0.8237288135593192,0.8205809008871702
efficientnet_b0,frozen,2,0,290,0.7724137931034456,0.7762537278614037
efficientnet_b0,frozen,2,1,313,0.7955271565495181,0.7851655915660075
efficientnet_b0,frozen,2,2,335,0.8507462686567138,0.8490638023159628
efficientnet_b0,frozen,2,3,297,0.7946127946127919,0.8004214327005658
efficientnet_b0,frozen,2,4,295,0.871186440677963,0.8650989981125274
efficientnet_b0,frozen,3,0,290,0.7793103448275834,0.7794259225757464
efficientnet_b0,frozen,3,1,313,0.7987220447284319,0.7887007133634266
efficientnet_b0,frozen,3,2,335,0.8447761194029825,0.8391106650038949
efficientnet_b0,frozen,3,3,297,0.8383838383838355,0.8426434345407329
efficientnet_b0,frozen,3,4,295,0.864406779661014,0.8586003666957464
efficientnet_v2_b0,finetuned,1,0,290,0.7310344827586182,0.7378903895155355
efficientnet_v2_b0,finetuned,1,1,313,0.7891373801916907,0.7840246138269592
efficientnet_v2_b0,finetuned,1,2,335,0.8119402985074602,0.807255280742769
efficientnet_v2_b0,finetuned,1,3,297,0.8114478114478086,0.8204730564307319
efficientnet_v2_b0,finetuned,1,4,295,0.8440677966101665,0.8400314152336618
efficientnet_v2_b0,finetuned,2,0,290,0.7586206896551697,0.7659851497834494
efficientnet_v2_b0,finetuned,2,1,313,0.7763578274760358,0.769032967214848
efficientnet_v2_b0,finetuned,2,2,335,0.8417910447761169,0.8389430429954765
efficientnet_v2_b0,finetuned,2,3,297,0.814814814814812,0.8206395582919387
efficientnet_v2_b0,finetuned,2,4,295,0.8542372881355903,0.8507760097133468
efficientnet_v2_b0,finetuned,3,0,290,0.7482758620689629,0.7582695497105864
efficientnet_v2_b0,finetuned,3,1,313,0.7731629392971221,0.7648297541233618
efficientnet_v2_b0,finetuned,3,2,335,0.8388059701492512,0.8354565361159323
efficientnet_v2_b0,finetuned,3,3,297,0.8114478114478086,0.8176414892050978
efficientnet_v2_b0,finetuned,3,4,295,0.8610169491525393,0.8565142842455015
efficientnet_v2_b0,frozen,1,0,290,0.7724137931034456,0.7771534499604095
efficientnet_v2_b0,frozen,1,1,313,0.8115015974440868,0.8016910775498148
efficientnet_v2_b0,frozen,1,2,335,0.8567164179104452,0.8538532747102635
efficientnet_v2_b0,frozen,1,3,297,0.8417508417508388,0.8468690437854854
efficientnet_v2_b0,frozen,1,4,295,0.8474576271186411,0.8404291952918168
efficientnet_v2_b0,frozen,2,0,290,0.7689655172413766,0.777778382034561
efficientnet_v2_b0,frozen,2,1,313,0.8019169329073457,0.7903649269697742
efficientnet_v2_b0,frozen,2,2,335,0.8447761194029825,0.8391171200967643
efficientnet_v2_b0,frozen,2,3,297,0.8484848484848455,0.8520913679845928
efficientnet_v2_b0,frozen,2,4,295,0.8271186440677938,0.8239467158690045
efficientnet_v2_b0,frozen,3,0,290,0.7965517241379282,0.7990789835978193
efficientnet_v2_b0,frozen,3,1,313,0.8146964856230006,0.8021791528365351
efficientnet_v2_b0,frozen,3,2,335,0.8447761194029825,0.841024425327887
efficientnet_v2_b0,frozen,3,3,297,0.8181818181818153,0.8240768656864549
efficientnet_v2_b0,frozen,3,4,295,0.8271186440677938,0.8228870360845674
mobilenet_v2,finetuned,1,0,290,0.7827586206896524,0.7857978786503685
mobilenet_v2,finetuned,1,1,313,0.7476038338658123,0.7443532595909317
mobilenet_v2,finetuned,1,2,335,0.8119402985074602,0.806922350760488
mobilenet_v2,finetuned,1,3,297,0.8653198653198624,0.8691294872044303
mobilenet_v2,finetuned,1,4,295,0.8372881355932175,0.8328757101479222
mobilenet_v2,finetuned,2,0,290,0.7827586206896524,0.7897167848677903
mobilenet_v2,finetuned,2,1,313,0.7763578274760358,0.7693734136565317
mobilenet_v2,finetuned,2,2,335,0.8507462686567138,0.8462018174560074
mobilenet_v2,finetuned,2,3,297,0.7542087542087517,0.75714779110913
mobilenet_v2,finetuned,2,4,295,0.810169491525421,0.8043354848556974
mobilenet_v2,finetuned,3,0,290,0.7724137931034456,0.7755968352934038
mobilenet_v2,finetuned,3,1,313,0.7795527156549495,0.7730475144168945
mobilenet_v2,finetuned,3,2,335,0.8179104477611915,0.8146102021837112
mobilenet_v2,finetuned,3,3,297,0.8013468013467986,0.8035576282018568
mobilenet_v2,finetuned,3,4,295,0.8135593220338955,0.8088348671151245
mobilenet_v2,frozen,1,0,290,0.7620689655172387,0.7722597090581566
mobilenet_v2,frozen,1,1,313,0.7699680511182083,0.7640282360390148
mobilenet_v2,frozen,1,2,335,0.8208955223880572,0.8160611159293198
mobilenet_v2,frozen,1,3,297,0.7643097643097617,0.7648136816357322
mobilenet_v2,frozen,1,4,295,0.810169491525421,0.8071731784164359
mobilenet_v2,frozen,2,0,290,0.7793103448275834,0.7828583044876916
mobilenet_v2,frozen,2,1,313,0.7444089456868985,0.7396548930306199
mobilenet_v2,frozen,2,2,335,0.8358208955223855,0.8322232598157799
mobilenet_v2,frozen,2,3,297,0.7811447811447785,0.7803396355398107
mobilenet_v2,frozen,2,4,295,0.7966101694915226,0.793428564625552
mobilenet_v2,frozen,3,0,290,0.7758620689655145,0.7845232922070352
mobilenet_v2,frozen,3,1,313,0.7923322683706044,0.7847448608298476
mobilenet_v2,frozen,3,2,335,0.7999999999999976,0.796318728212862
mobilenet_v2,frozen,3,3,297,0.7542087542087517,0.7554621103425192
mobilenet_v2,frozen,3,4,295,0.8237288135593192,0.8217721698644098
mobilenet_v3_small,finetuned,1,0,290,0.7724137931034456,0.7775701466172524
mobilenet_v3_small,finetuned,1,1,313,0.7635782747603809,0.7583843572713861
mobilenet_v3_small,finetuned,1,2,335,0.7761194029850722,0.7693169463587242
mobilenet_v3_small,finetuned,1,3,297,0.7441077441077415,0.7519097161441802
mobilenet_v3_small,finetuned,1,4,295,0.8203389830508446,0.8120556663221589
mobilenet_v3_small,finetuned,2,0,290,0.7517241379310319,0.7582315016879799
mobilenet_v3_small,finetuned,2,1,313,0.7699680511182083,0.7600885136441046
mobilenet_v3_small,finetuned,2,2,335,0.7671641791044753,0.7603282545494681
mobilenet_v3_small,finetuned,2,3,297,0.7474747474747448,0.7495395250939549
mobilenet_v3_small,finetuned,2,4,295,0.810169491525421,0.7969325049308487
mobilenet_v3_small,finetuned,3,0,290,0.7586206896551697,0.7649545903121848
mobilenet_v3_small,finetuned,3,1,313,0.7891373801916907,0.7803386204224964
mobilenet_v3_small,finetuned,3,2,335,0.7432835820895499,0.7338752415804906
mobilenet_v3_small,finetuned,3,3,297,0.7037037037037013,0.7084059581205642
mobilenet_v3_small,finetuned,3,4,295,0.810169491525421,0.800996561072376
mobilenet_v3_small,frozen,1,0,290,0.7586206896551697,0.7673989741571748
mobilenet_v3_small,frozen,1,1,313,0.8019169329073457,0.7936771635303846
mobilenet_v3_small,frozen,1,2,335,0.8447761194029825,0.844875216455124
mobilenet_v3_small,frozen,1,3,297,0.8686868686868657,0.8738858149544999
mobilenet_v3_small,frozen,1,4,295,0.8372881355932175,0.8340278367720343
mobilenet_v3_small,frozen,2,0,290,0.7758620689655145,0.7843788075635826
mobilenet_v3_small,frozen,2,1,313,0.7955271565495181,0.7836577128942238
mobilenet_v3_small,frozen,2,2,335,0.8119402985074602,0.811509771002828
mobilenet_v3_small,frozen,2,3,297,0.8484848484848455,0.8535860522791445
mobilenet_v3_small,frozen,2,4,295,0.8338983050847428,0.8292083675138401
mobilenet_v3_small,frozen,3,0,290,0.7655172413793077,0.7759369619965343
mobilenet_v3_small,frozen,3,1,313,0.8019169329073457,0.7904735492522542
mobilenet_v3_small,frozen,3,2,335,0.8208955223880572,0.8204208536340748
mobilenet_v3_small,frozen,3,3,297,0.8181818181818153,0.8230722956273727
mobilenet_v3_small,frozen,3,4,295,0.8372881355932175,0.8317129199267225
nasnet_mobile,finetuned,1,0,290,0.7137931034482733,0.7145320786079351
nasnet_mobile,finetuned,1,1,313,0.7476038338658123,0.742671563677194
nasnet_mobile,finetuned,1,2,335,0.734328358208953,0.7239730295745866
nasnet_mobile,finetuned,1,3,297,0.7474747474747448,0.7513679253130445
nasnet_mobile,finetuned,1,4,295,0.7728813559322008,0.7665346595709952
nasnet_mobile,finetuned,2,0,290,0.7068965517241355,0.709154049361579
nasnet_mobile,finetuned,2,1,313,0.7316293929712436,0.7213247922592901
nasnet_mobile,finetuned,2,2,335,0.734328358208953,0.7236249163822513
nasnet_mobile,finetuned,2,3,297,0.720538720538718,0.7245881017999126
nasnet_mobile,finetuned,2,4,295,0.7491525423728788,0.7452863367564128
nasnet_mobile,finetuned,3,0,290,0.7241379310344802,0.7279304802084511
nasnet_mobile,finetuned,3,1,313,0.7412140575079847,0.7359864840962821
nasnet_mobile,finetuned,3,2,335,0.7910447761194006,0.7835317556248621
nasnet_mobile,finetuned,3,3,297,0.7676767676767651,0.7724370664943582
nasnet_mobile,finetuned,3,4,295,0.7694915254237261,0.7643484867861411
nasnet_mobile,frozen,1,0,290,0.7482758620689629,0.7535809542889886
nasnet_mobile,frozen,1,1,313,0.8115015974440868,0.803447971605733
nasnet_mobile,frozen,1,2,335,0.7970149253731319,0.7904307450252804
nasnet_mobile,frozen,1,3,297,0.7609427609427584,0.7677076056572857
nasnet_mobile,frozen,1,4,295,0.8474576271186411,0.8434004293108175
nasnet_mobile,frozen,2,0,290,0.7206896551724112,0.7261956407452804
nasnet_mobile,frozen,2,1,313,0.785942492012777,0.7804334885212315
nasnet_mobile,frozen,2,2,335,0.8089552238805946,0.8013211263775682
nasnet_mobile,frozen,2,3,297,0.7845117845117818,0.7919637485732517
nasnet_mobile,frozen,2,4,295,0.810169491525421,0.8056463172837348
nasnet_mobile,frozen,3,0,290,0.7517241379310319,0.7606034706029551
nasnet_mobile,frozen,3,1,313,0.7923322683706044,0.7867359735437232
nasnet_mobile,frozen,3,2,335,0.8149253731343259,0.8089540620858897
nasnet_mobile,frozen,3,3,297,0.7811447811447785,0.7891296394776526
nasnet_mobile,frozen,3,4,295,0.7593220338983024,0.7655217547706953
resnet_50,finetuned,1,0,290,0.7620689655172387,0.7694543910994492
resnet_50,finetuned,1,1,313,0.8083067092651731,0.7996902206951689
resnet_50,finetuned,1,2,335,0.8626865671641765,0.8587606467414807
resnet_50,finetuned,1,3,297,0.8080808080808053,0.8155448521187333
resnet_50,finetuned,1,4,295,0.8542372881355903,0.8475032349800116
resnet_50,finetuned,2,0,290,0.7862068965517214,0.7897628215394844
resnet_50,finetuned,2,1,313,0.7923322683706044,0.7848060012083599
resnet_50,finetuned,2,2,335,0.8417910447761169,0.8381066979950774
resnet_50,finetuned,2,3,297,0.8350168350168321,0.8414348535201412
resnet_50,finetuned,2,4,295,0.864406779661014,0.8552895752329496
resnet_50,finetuned,3,0,290,0.7724137931034456,0.7796941304341086
resnet_50,finetuned,3,1,313,0.8019169329073457,0.7936082496047749
resnet_50,finetuned,3,2,335,0.8597014925373108,0.8536297114105852
resnet_50,finetuned,3,3,297,0.8316498316498288,0.8386807875317518
resnet_50,finetuned,3,4,295,0.8576271186440648,0.8509854807757536
resnet_50,frozen,1,0,290,0.7551724137931007,0.7620227334455567
resnet_50,frozen,1,1,313,0.7763578274760358,0.7716895008373287
resnet_50,frozen,1,2,335,0.8537313432835795,0.8481074416324607
resnet_50,frozen,1,3,297,0.8316498316498288,0.8386461198894488
resnet_50,frozen,1,4,295,0.8576271186440648,0.8490559732736921
resnet_50,frozen,2,0,290,0.7931034482758593,0.8047432648424167
resnet_50,frozen,2,1,313,0.8115015974440868,0.8035313217049086
resnet_50,frozen,2,2,335,0.8537313432835795,0.8483455099683046
resnet_50,frozen,2,3,297,0.8316498316498288,0.8396075707093175
resnet_50,frozen,2,4,295,0.8610169491525393,0.8550796835531022
resnet_50,frozen,3,0,290,0.7827586206896524,0.7925405566381287
resnet_50,frozen,3,1,313,0.7923322683706044,0.7865565147371035
resnet_50,frozen,3,2,335,0.8328358208955199,0.8267758558937794
resnet_50,frozen,3,3,297,0.8383838383838355,0.8449242868337845
resnet_50,frozen,3,4,295,0.8338983050847428,0.8304673843642337
