arch,strategy,seed,class,support,precision,recall,f1
mobilenet_v2,frozen,1,demodicosis,256,0.9263565891472831,0.9335937499999962,0.9299610894936597
mobilenet_v2,frozen,1,dermatitis,253,0.6874999999999976,0.7826086956521708,0.7319778188534733
mobilenet_v2,frozen,1,flea_allergy,251,0.7354085603112811,0.7529880478087619,0.7440944881884735
mobilenet_v2,frozen,1,fungus,260,0.7633587786259513,0.7692307692307662,0.7662835249037114
mobilenet_v2,frozen,1,ringworm,256,0.8506224066390007,0.8007812499999968,0.8249496981886318
mobilenet_v2,frozen,1,scabies,254,0.7678571428571395,0.677165354330706,0.7196652719660263
mobilenet_v2,frozen,2,demodicosis,256,0.9166666666666631,0.9453124999999962,0.9307692307687271
mobilenet_v2,frozen,2,dermatitis,253,0.6970802919708003,0.7549407114624477,0.7248576850089856
mobilenet_v2,frozen,2,flea_allergy,251,0.7630522088353383,0.7569721115537819,0.7599999999994969
mobilenet_v2,frozen,2,fungus,260,0.7732342007434915,0.7999999999999968,0.7863894139881549
mobilenet_v2,frozen,2,ringworm,256,0.8299595141700371,0.8007812499999968,0.8151093439358785
mobilenet_v2,frozen,2,scabies,254,0.7488986784140936,0.6692913385826745,0.7068607068602055
mobilenet_v2,frozen,3,demodicosis,256,0.9305019305019269,0.9414062499999962,0.9359223300965837
mobilenet_v2,frozen,3,dermatitis,253,0.652173913043476,0.7707509881422895,0.7065217391299355
mobilenet_v2,frozen,3,flea_allergy,251,0.763999999999997,0.7609561752988018,0.7624750498996966
mobilenet_v2,frozen,3,fungus,260,0.862559241706157,0.6999999999999973,0.772823779192708
mobilenet_v2,frozen,3,ringworm,256,0.8118081180811777,0.8593749999999966,0.8349146110051896
mobilenet_v2,frozen,3,scabies,254,0.7458333333333302,0.7047244094488161,0.724696356274801
mobilenet_v2,finetuned,1,demodicosis,256,0.9647058823529374,0.9609374999999961,0.9628180039133905
mobilenet_v2,finetuned,1,dermatitis,253,0.7990867579908639,0.6916996047430802,0.7415254237283129
mobilenet_v2,finetuned,1,flea_allergy,251,0.8255319148936135,0.7729083665338615,0.7983539094645178
mobilenet_v2,finetuned,1,fungus,260,0.7151702786377686,0.888461538461535,0.7924528301881822
mobilenet_v2,finetuned,1,ringworm,256,0.8392156862745065,0.8359374999999967,0.8375733855180876
mobilenet_v2,finetuned,1,scabies,254,0.7283950617283921,0.6968503937007847,0.712273641850604
mobilenet_v2,finetuned,2,demodicosis,256,0.9638554216867431,0.9374999999999962,0.9504950495044466
mobilenet_v2,finetuned,2,dermatitis,253,0.7419354838709648,0.7272727272727244,0.7345309381232495
mobilenet_v2,finetuned,2,flea_allergy,251,0.7899159663865514,0.749003984063742,0.76891615541872
mobilenet_v2,finetuned,2,fungus,260,0.7051282051282028,0.8461538461538428,0.7692307692302706
mobilenet_v2,finetuned,2,ringworm,256,0.8202247191011205,0.8554687499999966,0.8374760994258832
mobilenet_v2,finetuned,2,scabies,254,0.7731481481481446,0.6574803149606273,0.7106382978718406
mobilenet_v2,finetuned,3,demodicosis,256,0.916349809885928,0.9414062499999962,0.9287090558761824
mobilenet_v2,finetuned,3,dermatitis,253,0.7520325203252002,0.7312252964426849,0.7414829659313609
mobilenet_v2,finetuned,3,flea_allergy,251,0.777327935222669,0.7649402390438217,0.7710843373488945
mobilenet_v2,finetuned,3,fungus,260,0.7386759581881507,0.8153846153846122,0.7751371115168657
mobilenet_v2,finetuned,3,ringworm,256,0.836575875486378,0.8398437499999967,0.8382066276798085
mobilenet_v2,finetuned,3,scabies,254,0.760869565217388,0.6889763779527532,0.7231404958672667
mobilenet_v3_small,frozen,1,demodicosis,256,0.999999999999996,0.9804687499999961,0.9901380670606401
mobilenet_v3_small,frozen,1,dermatitis,253,0.7203065134099589,0.7430830039525662,0.7315175097271237
mobilenet_v3_small,frozen,1,flea_allergy,251,0.7843137254901931,0.7968127490039809,0.7905138339915918
mobilenet_v3_small,frozen,1,fungus,260,0.8257575757575726,0.8384615384615351,0.832061068701787
mobilenet_v3_small,frozen,1,ringworm,256,0.8749999999999964,0.8476562499999966,0.8611111111106078
mobilenet_v3_small,frozen,1,scabies,254,0.7370517928286824,0.7283464566929105,0.7326732673262298
mobilenet_v3_small,frozen,2,demodicosis,256,0.999999999999996,0.9648437499999961,0.9821073558643073
mobilenet_v3_small,frozen,2,dermatitis,253,0.7220077220077191,0.7391304347826058,0.7304687499994972
mobilenet_v3_small,frozen,2,flea_allergy,251,0.786290322580642,0.7768924302788813,0.7815631262520019
mobilenet_v3_small,frozen,2,fungus,260,0.8030303030302999,0.8153846153846122,0.8091603053430082
mobilenet_v3_small,frozen,2,ringworm,256,0.8588235294117613,0.8554687499999966,0.8571428571423537
mobilenet_v3_small,frozen,2,scabies,254,0.7159533073929932,0.7244094488188948,0.7201565557724912
mobilenet_v3_small,frozen,3,demodicosis,256,0.9959349593495894,0.9570312499999962,0.9760956175293767
mobilenet_v3_small,frozen,3,dermatitis,253,0.697416974169739,0.7470355731225267,0.7213740458010244
mobilenet_v3_small,frozen,3,flea_allergy,251,0.7509727626459114,0.7689243027888416,0.7598425196845364
mobilenet_v3_small,frozen,3,fungus,260,0.8219696969696938,0.8346153846153813,0.828244274808657
mobilenet_v3_small,frozen,3,ringworm,256,0.8246268656716387,0.8632812499999966,0.8435114503811764
mobilenet_v3_small,frozen,3,scabies,254,0.7723214285714252,0.6811023622047218,0.7238493723844361
mobilenet_v3_small,finetuned,1,demodicosis,256,0.9467680608364982,0.9726562499999961,0.9595375722538315
mobilenet_v3_small,finetuned,1,dermatitis,253,0.643835616438354,0.7430830039525662,0.6899082568802339
mobilenet_v3_small,finetuned,1,flea_allergy,251,0.7714285714285682,0.7529880478087619,0.7620967741930452
mobilenet_v3_small,finetuned,1,fungus,260,0.6859205776173259,0.7307692307692278,0.7076350093104847
mobilenet_v3_small,finetuned,1,ringworm,256,0.8203124999999967,0.8203124999999967,0.8203124999994966
mobilenet_v3_small,finetuned,1,scabies,254,0.8121827411167472,0.6299212598425172,0.7095343680704583
mobilenet_v3_small,finetuned,2,demodicosis,256,0.9343065693430622,0.999999999999996,0.9660377358485533
mobilenet_v3_small,finetuned,2,dermatitis,253,0.6833976833976807,0.6996047430830012,0.6914062499994973
mobilenet_v3_small,finetuned,2,flea_allergy,251,0.7833333333333301,0.749003984063742,0.7657841140524502
mobilenet_v3_small,finetuned,2,fungus,260,0.6611295681063101,0.7653846153846123,0.7094474153292682
mobilenet_v3_small,finetuned,2,ringworm,256,0.7859778597785948,0.8320312499999967,0.8083491461095542
mobilenet_v3_small,finetuned,2,scabies,254,0.7783783783783742,0.5669291338582655,0.6560364464687576
mobilenet_v3_small,finetuned,3,demodicosis,256,0.9233576642335732,0.988281249999996,0.9547169811315723
mobilenet_v3_small,finetuned,3,dermatitis,253,0.6619718309859131,0.7430830039525662,0.7001862197387912
mobilenet_v3_small,finetuned,3,flea_allergy,251,0.7573221757322144,0.7211155378486027,0.7387755102035789
mobilenet_v3_small,finetuned,3,fungus,260,0.639455782312923,0.7230769230769203,0.6787003610103297
mobilenet_v3_small,finetuned,3,ringworm,256,0.7962962962962933,0.8398437499999967,0.8174904942960751
mobilenet_v3_small,finetuned,3,scabies,254,0.8224852071005869,0.5472440944881868,0.65721040189077
resnet_50,frozen,1,demodicosis,256,0.9960784313725451,0.992187499999996,0.9941291585122163
resnet_50,frozen,1,dermatitis,253,0.7797356828193799,0.6996047430830012,0.7374999999994984
resnet_50,frozen,1,flea_allergy,251,0.8444444444444407,0.7569721115537819,0.7983193277305906
resnet_50,frozen,1,fungus,260,0.7770034843205548,0.8576923076923043,0.8153564899446536
resnet_50,frozen,1,ringworm,256,0.754966887417216,0.8906249999999964,0.8172043010747692
resnet_50,frozen,1,scabies,254,0.7521367521367489,0.692913385826769,0.7213114754093339
resnet_50,frozen,2,demodicosis,256,0.9921568627450942,0.988281249999996,0.9902152641873629
resnet_50,frozen,2,dermatitis,253,0.7635658914728652,0.7786561264822104,0.7710371819955831
resnet_50,frozen,2,flea_allergy,251,0.855855855855852,0.7569721115537819,0.8033826638472785
resnet_50,frozen,2,fungus,260,0.8154981549815468,0.8499999999999966,0.8323917137471428
resnet_50,frozen,2,ringworm,256,0.8415094339622609,0.8710937499999966,0.8560460652586138
resnet_50,frozen,2,scabies,254,0.7220077220077191,0.736220472440942,0.7290448343074892
resnet_50,frozen,3,demodicosis,256,0.988281249999996,0.988281249999996,0.988281249999496
resnet_50,frozen,3,dermatitis,253,0.7567567567567538,0.7747035573122499,0.7656249999994971
resnet_50,frozen,3,flea_allergy,251,0.820512820512817,0.7649402390438217,0.791752577319085
resnet_50,frozen,3,fungus,260,0.7902621722846411,0.8115384615384583,0.8007590132822294
resnet_50,frozen,3,ringworm,256,0.8425196850393668,0.8359374999999967,0.8392156862740064
resnet_50,frozen,3,scabies,254,0.7038461538461511,0.7204724409448791,0.7120622568088357
resnet_50,finetuned,1,demodicosis,256,0.9883720930232519,0.996093749999996,0.9922178988321809
resnet_50,finetuned,1,dermatitis,253,0.700757575757573,0.7312252964426849,0.7156673114114896
resnet_50,finetuned,1,flea_allergy,251,0.8297872340425497,0.7768924302788813,0.8024691358019664
resnet_50,finetuned,1,fungus,260,0.7697594501718186,0.8615384615384581,0.8130671506347072
resnet_50,finetuned,1,ringworm,256,0.8371212121212088,0.8632812499999966,0.8499999999994968
resnet_50,finetuned,1,scabies,254,0.802752293577978,0.6889763779527532,0.7415254237283133
resnet_50,finetuned,2,demodicosis,256,0.9921259842519646,0.9843749999999961,0.9882352941171432
resnet_50,finetuned,2,dermatitis,253,0.7226562499999971,0.7312252964426849,0.7269155206281809
resnet_50,finetuned,2,flea_allergy,251,0.8508771929824525,0.7729083665338615,0.8100208768262201
resnet_50,finetuned,2,fungus,260,0.7770034843205548,0.8576923076923043,0.8153564899446536
resnet_50,finetuned,2,ringworm,256,0.8252788104089188,0.8671874999999966,0.8457142857137826
resnet_50,finetuned,2,scabies,254,0.7838983050847425,0.7283464566929105,0.7551020408158241
resnet_50,finetuned,3,demodicosis,256,0.9884169884169846,0.999999999999996,0.9941747572810493
resnet_50,finetuned,3,dermatitis,253,0.7459677419354809,0.7312252964426849,0.7385229540913134
resnet_50,finetuned,3,flea_allergy,251,0.8360655737704884,0.8127490039840605,0.824242424241921
resnet_50,finetuned,3,fungus,260,0.774193548387094,0.8307692307692275,0.8014842300551561
resnet_50,finetuned,3,ringworm,256,0.8364312267657961,0.8789062499999964,0.857142857142354
resnet_50,finetuned,3,scabies,254,0.7662337662337629,0.6968503937007847,0.729896907215993
efficientnet_b0,frozen,1,demodicosis,256,0.9882352941176432,0.9843749999999961,0.9863013698625097
efficientnet_b0,frozen,1,dermatitis,253,0.7338709677419325,0.7193675889328035,0.726546906187122
efficientnet_b0,frozen,1,flea_allergy,251,0.8223140495867735,0.792828685258961,0.8073022312368193
efficientnet_b0,frozen,1,fungus,260,0.7822878228782258,0.8153846153846122,0.7984934086623973
efficientnet_b0,frozen,1,ringworm,256,0.8107142857142827,0.8867187499999964,0.847014925372632
efficientnet_b0,frozen,1,scabies,254,0.7307692307692276,0.6732283464566903,0.7008196721306454
efficientnet_b0,frozen,2,demodicosis,256,0.9880952380952341,0.9726562499999961,0.9803149606294174
efficientnet_b0,frozen,2,dermatitis,253,0.7272727272727244,0.7272727272727244,0.7272727272722244
efficientnet_b0,frozen,2,flea_allergy,251,0.7857142857142826,0.7888446215139411,0.7872763419478069
efficientnet_b0,frozen,2,fungus,260,0.7992831541218609,0.8576923076923043,0.8274582560291821
efficientnet_b0,frozen,2,ringworm,256,0.8228782287822847,0.8710937499999966,0.8462998102461764
efficientnet_b0,frozen,2,scabies,254,0.7802690582959606,0.6850393700787375,0.729559748427172
efficientnet_b0,frozen,3,demodicosis,256,0.9729729729729691,0.9843749999999961,0.9786407766985252
efficientnet_b0,frozen,3,dermatitis,253,0.7449392712550578,0.7272727272727244,0.7359999999994971
efficientnet_b0,frozen,3,flea_allergy,251,0.7992277992277961,0.8247011952191202,0.8117647058818498
efficientnet_b0,frozen,3,fungus,260,0.7915194346289725,0.8615384615384581,0.8250460405151516
efficientnet_b0,frozen,3,ringworm,256,0.8390804597701117,0.8554687499999966,0.8471953578331524
efficientnet_b0,frozen,3,scabies,254,0.800904977375562,0.6968503937007847,0.7452631578942361
efficientnet_b0,finetuned,1,demodicosis,256,0.9731800766283487,0.992187499999996,0.9825918762083936
efficientnet_b0,finetuned,1,dermatitis,253,0.7313432835820868,0.7747035573122499,0.7523992322451788
efficientnet_b0,finetuned,1,flea_allergy,251,0.8215767634854738,0.7888446215139411,0.8048780487799847
efficientnet_b0,finetuned,1,fungus,260,0.7508650519031115,0.8346153846153813,0.7905282331506823
efficientnet_b0,finetuned,1,ringworm,256,0.8352490421455906,0.8515624999999966,0.843326885879574
efficientnet_b0,finetuned,1,scabies,254,0.8380952380952341,0.692913385826769,0.7586206896546737
efficientnet_b0,finetuned,2,demodicosis,256,0.999999999999996,0.9726562499999961,0.9861386138608823
efficientnet_b0,finetuned,2,dermatitis,253,0.719557195571953,0.7707509881422895,0.744274809159803
efficientnet_b0,finetuned,2,flea_allergy,251,0.8247863247863213,0.7689243027888416,0.7958762886592912
efficientnet_b0,finetuned,2,fungus,260,0.7482993197278885,0.8461538461538428,0.7942238267143004
efficientnet_b0,finetuned,2,ringworm,256,0.8505747126436748,0.8671874999999966,0.8588007736938873
efficientnet_b0,finetuned,2,scabies,254,0.7918552036199059,0.6889763779527532,0.7368421052626571
efficientnet_b0,finetuned,3,demodicosis,256,0.9765624999999961,0.9765624999999961,0.9765624999994961
efficientnet_b0,finetuned,3,dermatitis,253,0.7220216606498169,0.7905138339920917,0.7547169811315737
efficientnet_b0,finetuned,3,flea_allergy,251,0.8623853211009135,0.749003984063742,0.8017057569291365
efficientnet_b0,finetuned,3,fungus,260,0.7508417508417482,0.8576923076923043,0.8007181328540773
efficientnet_b0,finetuned,3,ringworm,256,0.8097014925373104,0.8476562499999966,0.8282442748086573
efficientnet_b0,finetuned,3,scabies,254,0.8037383177570057,0.677165354330706,0.7350427350422355
efficientnet_v2_b0,frozen,1,demodicosis,256,0.9844357976653657,0.988281249999996,0.9863547758279559
efficientnet_v2_b0,frozen,1,dermatitis,253,0.7603305785123936,0.7272727272727244,0.7434343434338406
efficientnet_v2_b0,frozen,1,flea_allergy,251,0.7764705882352911,0.7888446215139411,0.7826086956516708
efficientnet_v2_b0,frozen,1,fungus,260,0.8401486988847552,0.8692307692307658,0.8544423440448654
efficientnet_v2_b0,frozen,1,ringworm,256,0.8007246376811564,0.8632812499999966,0.8308270676686703
efficientnet_v2_b0,frozen,1,scabies,254,0.7922077922077888,0.7204724409448791,0.7546391752572299
efficientnet_v2_b0,frozen,2,demodicosis,256,0.969465648854958,0.992187499999996,0.9806949806944769
efficientnet_v2_b0,frozen,2,dermatitis,253,0.7801724137931001,0.715415019762843,0.7463917525768174
efficientnet_v2_b0,frozen,2,flea_allergy,251,0.7509433962264122,0.792828685258961,0.7713178294568616
efficientnet_v2_b0,frozen,2,fungus,260,0.811111111111108,0.842307692307689,0.8264150943391195
efficientnet_v2_b0,frozen,2,ringworm,256,0.7963636363636334,0.8554687499999966,0.8248587570616442
efficientnet_v2_b0,frozen,2,scabies,254,0.8008849557522089,0.7125984251968476,0.7541666666661652
efficientnet_v2_b0,frozen,3,demodicosis,256,0.9652509652509614,0.9765624999999961,0.9708737864072632
efficientnet_v2_b0,frozen,3,dermatitis,253,0.7392996108949387,0.7509881422924871,0.7450980392151834
efficientnet_v2_b0,frozen,3,flea_allergy,251,0.7490774907749049,0.8087649402390407,0.7777777777772755
efficientnet_v2_b0,frozen,3,fungus,260,0.8371212121212088,0.8499999999999966,0.8435114503811761
efficientnet_v2_b0,frozen,3,ringworm,256,0.8482490272373507,0.8515624999999966,0.849902534112557
efficientnet_v2_b0,frozen,3,scabies,254,0.7837837837837802,0.6850393700787375,0.7310924369742889
efficientnet_v2_b0,finetuned,1,demodicosis,256,0.950757575757572,0.9804687499999961,0.9653846153841116
efficientnet_v2_b0,finetuned,1,dermatitis,253,0.6484641638225234,0.7509881422924871,0.6959706959701961
efficientnet_v2_b0,finetuned,1,flea_allergy,251,0.8703703703703664,0.749003984063742,0.8051391862950026
efficientnet_v2_b0,finetuned,1,fungus,260,0.738515901060068,0.8038461538461507,0.7697974217306214
efficientnet_v2_b0,finetuned,1,ringworm,256,0.7924528301886762,0.8203124999999967,0.8061420345484414
efficientnet_v2_b0,finetuned,1,scabies,254,0.8277511961722449,0.6811023622047218,0.7473002159822228
efficientnet_v2_b0,finetuned,2,demodicosis,256,0.9363295880149777,0.9765624999999961,0.9560229445501657
efficientnet_v2_b0,finetuned,2,dermatitis,253,0.673267326732671,0.8063241106719335,0.733812949639789
efficientnet_v2_b0,finetuned,2,flea_allergy,251,0.8333333333333297,0.7569721115537819,0.7933194154483497
efficientnet_v2_b0,finetuned,2,fungus,260,0.7465277777777751,0.8269230769230737,0.7846715328462137
efficientnet_v2_b0,finetuned,2,ringworm,256,0.8442622950819638,0.8046874999999968,0.8239999999994969
efficientnet_v2_b0,finetuned,2,scabies,254,0.8699999999999957,0.6850393700787375,0.76651982378805
efficientnet_v2_b0,finetuned,3,demodicosis,256,0.9501915708812223,0.9687499999999961,0.9593810444869236
efficientnet_v2_b0,finetuned,3,dermatitis,253,0.6588628762541784,0.7786561264822104,0.7137681159415298
efficientnet_v2_b0,finetuned,3,flea_allergy,251,0.8370044052863399,0.7569721115537819,0.7949790794974058
efficientnet_v2_b0,finetuned,3,fungus,260,0.7684210526315762,0.842307692307689,0.8036697247701402
efficientnet_v2_b0,finetuned,3,ringworm,256,0.8273092369477879,0.8046874999999968,0.8158415841579127
efficientnet_v2_b0,finetuned,3,scabies,254,0.8373205741626755,0.6889763779527532,0.7559395248375144
nasnet_mobile,frozen,1,demodicosis,256,0.9767441860465077,0.9843749999999961,0.9805447470812081
nasnet_mobile,frozen,1,dermatitis,253,0.7088122605363957,0.7312252964426849,0.719844357976151
nasnet_mobile,frozen,1,flea_allergy,251,0.7647058823529382,0.7768924302788813,0.7707509881417894
nasnet_mobile,frozen,1,fungus,260,0.7554744525547417,0.796153846153843,0.7752808988759018
nasnet_mobile,frozen,1,ringworm,256,0.8433734939759002,0.8203124999999967,0.8316831683163285
nasnet_mobile,frozen,1,scabies,254,0.7081545064377652,0.6496062992125958,0.6776180698146932
nasnet_mobile,frozen,2,demodicosis,256,0.9649805447470778,0.9687499999999961,0.9668615984400419
nasnet_mobile,frozen,2,dermatitis,253,0.705179282868523,0.6996047430830012,0.7023809523804495
nasnet_mobile,frozen,2,flea_allergy,251,0.72830188679245,0.7689243027888416,0.7480620155033734
nasnet_mobile,frozen,2,fungus,260,0.7843137254901931,0.7692307692307662,0.7766990291257105
nasnet_mobile,frozen,2,ringworm,256,0.8015873015872984,0.7890624999999969,0.795275590550678
nasnet_mobile,frozen,2,scabies,254,0.7119999999999972,0.7007874015748004,0.7063492063487035
nasnet_mobile,frozen,3,demodicosis,256,0.9843137254901922,0.9804687499999961,0.9823874755376566
nasnet_mobile,frozen,3,dermatitis,253,0.6946564885496156,0.7193675889328035,0.7067961165043517
nasnet_mobile,frozen,3,flea_allergy,251,0.7868852459016361,0.7649402390438217,0.7757575757570727
nasnet_mobile,frozen,3,fungus,260,0.7974683544303764,0.726923076923074,0.7605633802811881
nasnet_mobile,frozen,3,ringworm,256,0.8445378151260469,0.7851562499999969,0.813765182185732
nasnet_mobile,frozen,3,scabies,254,0.6122448979591816,0.7086614173228318,0.6569343065688433
nasnet_mobile,finetuned,1,demodicosis,256,0.863157894736839,0.9609374999999961,0.9094269870604962
nasnet_mobile,finetuned,1,dermatitis,253,0.7590909090909057,0.6600790513833966,0.7061310782236009
nasnet_mobile,finetuned,1,flea_allergy,251,0.6810035842293882,0.7569721115537819,0.7169811320749704
nasnet_mobile,finetuned,1,fungus,260,0.7336065573770462,0.6884615384615358,0.710317460316958
nasnet_mobile,finetuned,1,ringworm,256,0.7245283018867896,0.749999999999997,0.7370441458728177
nasnet_mobile,finetuned,1,scabies,254,0.6877637130801659,0.6417322834645645,0.6639511201624306
nasnet_mobile,finetuned,2,demodicosis,256,0.8817204301075237,0.9609374999999961,0.9196261682237964
nasnet_mobile,finetuned,2,dermatitis,253,0.7872340425531873,0.5849802371541479,0.6712018140584648
nasnet_mobile,finetuned,2,flea_allergy,251,0.6632996632996611,0.7848605577689212,0.7189781021892818
nasnet_mobile,finetuned,2,fungus,260,0.7007874015748004,0.684615384615382,0.6926070038905479
nasnet_mobile,finetuned,2,ringworm,256,0.7272727272727244,0.749999999999997,0.7384615384610356
nasnet_mobile,finetuned,2,scabies,254,0.6209677419354814,0.6062992125984228,0.6135458167325654
nasnet_mobile,finetuned,3,demodicosis,256,0.8916967509025238,0.9648437499999961,0.92682926829218
nasnet_mobile,finetuned,3,dermatitis,253,0.7671232876712294,0.6640316205533571,0.7118644067791606
nasnet_mobile,finetuned,3,flea_allergy,251,0.6840277777777753,0.7848605577689212,0.7309833024113735
nasnet_mobile,finetuned,3,fungus,260,0.7127272727272701,0.7538461538461508,0.7327102803733293
nasnet_mobile,finetuned,3,ringworm,256,0.7786885245901608,0.742187499999997,0.7599999999994972
nasnet_mobile,finetuned,3,scabies,254,0.7224669603524198,0.6456692913385802,0.6819126819121808
convnext_tiny,frozen,1,demodicosis,256,0.9806201550387558,0.988281249999996,0.9844357976648658
convnext_tiny,frozen,1,dermatitis,253,0.7323420074349415,0.7786561264822104,0.7547892720301489
convnext_tiny,frozen,1,flea_allergy,251,0.8215767634854738,0.7888446215139411,0.8048780487799847
convnext_tiny,frozen,1,fungus,260,0.8549019607843104,0.8384615384615351,0.8466019417470695
convnext_tiny,frozen,1,ringworm,256,0.8188405797101419,0.8828124999999964,0.8496240601498734
convnext_tiny,frozen,1,scabies,254,0.7792207792207758,0.7086614173228318,0.7422680412366115
convnext_tiny,frozen,2,demodicosis,256,0.9691119691119653,0.9804687499999961,0.9747572815528942
convnext_tiny,frozen,2,dermatitis,253,0.7265917602996227,0.766798418972329,0.7461538461533436
convnext_tiny,frozen,2,flea_allergy,251,0.8235294117647024,0.7808764940239012,0.8016359918195379
convnext_tiny,frozen,2,fungus,260,0.839552238805967,0.865384615384612,0.852272727272224
convnext_tiny,frozen,2,ringworm,256,0.8265682656826537,0.8749999999999966,0.8500948766598386
convnext_tiny,frozen,2,scabies,254,0.753303964757706,0.6732283464566903,0.7110187110182096
convnext_tiny,frozen,3,demodicosis,256,0.980769230769227,0.996093749999996,0.988372093022752
convnext_tiny,frozen,3,dermatitis,253,0.7216117216117189,0.7786561264822104,0.7490494296572925
convnext_tiny,frozen,3,flea_allergy,251,0.8099173553718975,0.7808764940239012,0.7951318458412818
convnext_tiny,frozen,3,fungus,260,0.8301886792452798,0.8461538461538428,0.8380952380947349
convnext_tiny,frozen,3,ringworm,256,0.847908745247145,0.8710937499999966,0.8593448940264716
convnext_tiny,frozen,3,scabies,254,0.7577092511013183,0.677165354330706,0.7151767151762137
convnext_tiny,finetuned,1,demodicosis,256,0.9922178988326809,0.996093749999996,0.9941520467831216
convnext_tiny,finetuned,1,dermatitis,253,0.6972789115646234,0.810276679841894,0.749542961608275
convnext_tiny,finetuned,1,flea_allergy,251,0.8181818181818148,0.7888446215139411,0.8032454361049736
convnext_tiny,finetuned,1,fungus,260,0.8461538461538431,0.9307692307692271,0.8864468864463843
convnext_tiny,finetuned,1,ringworm,256,0.8916666666666629,0.8359374999999967,0.8629032258059486
convnext_tiny,finetuned,1,scabies,254,0.8341232227488112,0.692913385826769,0.7569892473113289
convnext_tiny,finetuned,2,demodicosis,256,0.9808429118773908,0.999999999999996,0.9903288201155502
convnext_tiny,finetuned,2,dermatitis,253,0.7251908396946537,0.7509881422924871,0.7378640776694001
convnext_tiny,finetuned,2,flea_allergy,251,0.7919999999999968,0.7888446215139411,0.7904191616761435
convnext_tiny,finetuned,2,fungus,260,0.8067796610169463,0.9153846153846118,0.8576576576571564
convnext_tiny,finetuned,2,ringworm,256,0.8539325842696597,0.8906249999999964,0.8718929254297071
convnext_tiny,finetuned,2,scabies,254,0.8205128205128164,0.6299212598425172,0.7126948775050735
convnext_tiny,finetuned,3,demodicosis,256,0.9808429118773908,0.999999999999996,0.9903288201155502
convnext_tiny,finetuned,3,dermatitis,253,0.7142857142857119,0.8498023715414986,0.7761732851980567
convnext_tiny,finetuned,3,flea_allergy,251,0.8528138528138491,0.7848605577689212,0.8174273858916136
convnext_tiny,finetuned,3,fungus,260,0.8345323741007163,0.8923076923076888,0.8624535315980102
convnext_tiny,finetuned,3,ringworm,256,0.8615384615384581,0.8749999999999966,0.8682170542630625
convnext_tiny,finetuned,3,scabies,254,0.8542713567839153,0.6692913385826745,0.7505518763791951
