arch,strategy,seed,fold,temperature
mobilenet_v2,frozen,1,0,0.9862562453998674
mobilenet_v2,frozen,1,1,1.0698783518801342
mobilenet_v2,frozen,1,2,1.0905511856773835
mobilenet_v2,frozen,1,3,1.0305729327093007
mobilenet_v2,frozen,1,4,1.0857140914086942
mobilenet_v2,frozen,2,0,1.045162874331814
mobilenet_v2,frozen,2,1,1.0818918998185891
mobilenet_v2,frozen,2,2,1.368719152759758
mobilenet_v2,frozen,2,3,1.338739046222711
mobilenet_v2,frozen,2,4,1.1134208486310824
mobilenet_v2,frozen,3,0,1.0967334240528608
mobilenet_v2,frozen,3,1,1.1685917441762028
mobilenet_v2,frozen,3,2,1.256560654318913
mobilenet_v2,frozen,3,3,1.0940656631340462
mobilenet_v2,frozen,3,4,1.3098206534417265
mobilenet_v2,finetuned,1,0,1.0678076722666396
mobilenet_v2,finetuned,1,1,0.9699682227838644
mobilenet_v2,finetuned,1,2,1.0291804123634587
mobilenet_v2,finetuned,1,3,0.9654135467513327
mobilenet_v2,finetuned,1,4,1.3059173903927073
mobilenet_v2,finetuned,2,0,1.2473685286716902
mobilenet_v2,finetuned,2,1,0.9822557859157248
mobilenet_v2,finetuned,2,2,1.015583535263948
mobilenet_v2,finetuned,2,3,0.9959034756183384
mobilenet_v2,finetuned,2,4,1.2148184719014983
mobilenet_v2,finetuned,3,0,1.2116873204861573
mobilenet_v2,finetuned,3,1,1.0493976059801093
mobilenet_v2,finetuned,3,2,1.0524552557524172
mobilenet_v2,finetuned,3,3,0.9949826353531434
mobilenet_v2,finetuned,3,4,1.2176247390346082
mobilenet_v3_small,frozen,1,0,1.3780262150414582
mobilenet_v3_small,frozen,1,1,1.190002180334709
mobilenet_v3_small,frozen,1,2,1.1429735108872254
mobilenet_v3_small,frozen,1,3,1.0940164464818365
mobilenet_v3_small,frozen,1,4,1.2318316339337152
mobilenet_v3_small,frozen,2,0,1.3308440579180898
mobilenet_v3_small,frozen,2,1,1.0953495232289003
mobilenet_v3_small,frozen,2,2,1.2734261246984135
mobilenet_v3_small,frozen,2,3,1.1886935729851194
mobilenet_v3_small,frozen,2,4,1.4745252473607908
mobilenet_v3_small,frozen,3,0,1.1806069142625113
mobilenet_v3_small,frozen,3,1,1.1895808114835638
mobilenet_v3_small,frozen,3,2,1.13609335216222
mobilenet_v3_small,frozen,3,3,1.1188461458802599
mobilenet_v3_small,frozen,3,4,1.4387331917692023
mobilenet_v3_small,finetuned,1,0,0.7372797377317329
mobilenet_v3_small,finetuned,1,1,0.6931562098144984
mobilenet_v3_small,finetuned,1,2,0.7267765703657822
mobilenet_v3_small,finetuned,1,3,0.6099358770444131
mobilenet_v3_small,finetuned,1,4,0.7620885399506329
mobilenet_v3_small,finetuned,2,0,0.8784591276266054
mobilenet_v3_small,finetuned,2,1,0.7145177788640767
mobilenet_v3_small,finetuned,2,2,0.71109013554976
mobilenet_v3_small,finetuned,2,3,0.5458825709008203
mobilenet_v3_small,finetuned,2,4,0.8488155703517044
mobilenet_v3_small,finetuned,3,0,0.8065648861422416
mobilenet_v3_small,finetuned,3,1,0.6208279069746965
mobilenet_v3_small,finetuned,3,2,0.7046480596658172
mobilenet_v3_small,finetuned,3,3,0.5498960459663073
mobilenet_v3_small,finetuned,3,4,0.7002878699438015
resnet_50,frozen,1,0,1.531530503240373
resnet_50,frozen,1,1,1.2631051500916366
resnet_50,frozen,1,2,1.3620462964910118
resnet_50,frozen,1,3,1.1271769169218042
resnet_50,frozen,1,4,1.4772384869540844
resnet_50,frozen,2,0,1.6316088368510728
resnet_50,frozen,2,1,1.211116510061808
resnet_50,frozen,2,2,1.2311157909264336
resnet_50,frozen,2,3,1.3409980331488929
resnet_50,frozen,2,4,1.701589112150839
resnet_50,frozen,3,0,1.4860601341956892
resnet_50,frozen,3,1,1.3014836559805938
resnet_50,frozen,3,2,1.2386366213674402
resnet_50,frozen,3,3,1.5990728121326996
resnet_50,frozen,3,4,1.1969832141255161
resnet_50,finetuned,1,0,1.1217179736116134
resnet_50,finetuned,1,1,1.1604610211315498
resnet_50,finetuned,1,2,1.07015467311313
resnet_50,finetuned,1,3,0.9080390861719976
resnet_50,finetuned,1,4,1.1657348195506612
resnet_50,finetuned,2,0,1.2662825033279685
resnet_50,finetuned,2,1,1.0740833070757112
resnet_50,finetuned,2,2,0.9933434676064556
resnet_50,finetuned,2,3,0.9743807718401408
resnet_50,finetuned,2,4,1.1689832689118043
resnet_50,finetuned,3,0,1.3157366401300394
resnet_50,finetuned,3,1,1.0675760318513106
resnet_50,finetuned,3,2,1.118497973033241
resnet_50,finetuned,3,3,0.8930086635268225
resnet_50,finetuned,3,4,1.2946504355463528
efficientnet_b0,frozen,1,0,1.4984764292098052
efficientnet_b0,frozen,1,1,1.0122348176597915
efficientnet_b0,frozen,1,2,1.2840200826536143
efficientnet_b0,frozen,1,3,1.1425612077484457
efficientnet_b0,frozen,1,4,1.0774401742983695
efficientnet_b0,frozen,2,0,1.199108191590071
efficientnet_b0,frozen,2,1,1.0364573079296122
efficientnet_b0,frozen,2,2,0.9981983083388553
efficientnet_b0,frozen,2,3,1.0067235808264847
efficientnet_b0,frozen,2,4,1.3736781180148243
efficientnet_b0,frozen,3,0,1.2350308990359493
efficientnet_b0,frozen,3,1,1.0861508821870252
efficientnet_b0,frozen,3,2,0.9509293187569138
efficientnet_b0,frozen,3,3,1.3134574706535347
efficientnet_b0,frozen,3,4,1.4233568521766358
efficientnet_b0,finetuned,1,0,0.8653005109211404
efficientnet_b0,finetuned,1,1,0.6953616569426043
efficientnet_b0,finetuned,1,2,0.733984501734581
efficientnet_b0,finetuned,1,3,0.6822285173269127
efficientnet_b0,finetuned,1,4,0.7430886158536177
efficientnet_b0,finetuned,2,0,0.8083203755154127
efficientnet_b0,finetuned,2,1,0.7157199022208394
efficientnet_b0,finetuned,2,2,0.7554013796310296
efficientnet_b0,finetuned,2,3,0.6755334654419264
efficientnet_b0,finetuned,2,4,0.7637573511533291
efficientnet_b0,finetuned,3,0,0.8336528671962921
efficientnet_b0,finetuned,3,1,0.685020270657806
efficientnet_b0,finetuned,3,2,0.81441749420223
efficientnet_b0,finetuned,3,3,0.6716810525262679
efficientnet_b0,finetuned,3,4,0.7643448363316705
efficientnet_v2_b0,frozen,1,0,1.2386893099829293
efficientnet_v2_b0,frozen,1,1,1.1715276037732005
efficientnet_v2_b0,frozen,1,2,1.179401499032377
efficientnet_v2_b0,frozen,1,3,1.0569089317461078
efficientnet_v2_b0,frozen,1,4,1.4471187308837974
efficientnet_v2_b0,frozen,2,0,1.1255467766173068
efficientnet_v2_b0,frozen,2,1,0.9602036250659437
efficientnet_v2_b0,frozen,2,2,1.0687703478199497
efficientnet_v2_b0,frozen,2,3,1.4536525063320904
efficientnet_v2_b0,frozen,2,4,1.532232163737035
efficientnet_v2_b0,frozen,3,0,1.2669358819775205
efficientnet_v2_b0,frozen,3,1,1.2238081574197561
efficientnet_v2_b0,frozen,3,2,1.3296866208831664
efficientnet_v2_b0,frozen,3,3,1.293139681207839
efficientnet_v2_b0,frozen,3,4,1.4533837669790048
efficientnet_v2_b0,finetuned,1,0,0.634044409533172
efficientnet_v2_b0,finetuned,1,1,0.5008207146233378
efficientnet_v2_b0,finetuned,1,2,0.5726492093278276
efficientnet_v2_b0,finetuned,1,3,0.5102174393287666
efficientnet_v2_b0,finetuned,1,4,0.6531504259554002
efficientnet_v2_b0,finetuned,2,0,0.6145295824179157
efficientnet_v2_b0,finetuned,2,1,0.5454170263745399
efficientnet_v2_b0,finetuned,2,2,0.5608950204580758
efficientnet_v2_b0,finetuned,2,3,0.48939576342201013
efficientnet_v2_b0,finetuned,2,4,0.5362104271855582
efficientnet_v2_b0,finetuned,3,0,0.5960954993283495
efficientnet_v2_b0,finetuned,3,1,0.5388555222359046
efficientnet_v2_b0,finetuned,3,2,0.6061457872063348
efficientnet_v2_b0,finetuned,3,3,0.47497753083962396
efficientnet_v2_b0,finetuned,3,4,0.5475207132054463
nasnet_mobile,frozen,1,0,1.43515087750897
nasnet_mobile,frozen,1,1,1.3146795333758943
nasnet_mobile,frozen,1,2,1.2719372669330564
nasnet_mobile,frozen,1,3,1.3728990766448164
nasnet_mobile,frozen,1,4,1.326235532356968
nasnet_mobile,frozen,2,0,1.0511684085249684
nasnet_mobile,frozen,2,1,1.2975967411944485
nasnet_mobile,frozen,2,2,1.1091055398828864
nasnet_mobile,frozen,2,3,1.4479642904730436
nasnet_mobile,frozen,2,4,1.1736809860079247
nasnet_mobile,frozen,3,0,1.3354514096737093
nasnet_mobile,frozen,3,1,1.1501398143921246
nasnet_mobile,frozen,3,2,1.2453361276149704
nasnet_mobile,frozen,3,3,0.9538121521471898
nasnet_mobile,frozen,3,4,1.0240114011133552
nasnet_mobile,finetuned,1,0,0.6561938785315518
nasnet_mobile,finetuned,1,1,0.7170016548901692
nasnet_mobile,finetuned,1,2,0.6063632432938971
nasnet_mobile,finetuned,1,3,0.6501264440654895
nasnet_mobile,finetuned,1,4,0.7238311459619385
nasnet_mobile,finetuned,2,0,0.6447711024289459
nasnet_mobile,finetuned,2,1,0.7179596222040199
nasnet_mobile,finetuned,2,2,0.5599048558422438
nasnet_mobile,finetuned,2,3,0.7383931949533115
nasnet_mobile,finetuned,2,4,0.745331519361733
nasnet_mobile,finetuned,3,0,0.6620085687715289
nasnet_mobile,finetuned,3,1,0.7095858809564635
nasnet_mobile,finetuned,3,2,0.5803622810411941
nasnet_mobile,finetuned,3,3,0.6027895946849264
nasnet_mobile,finetuned,3,4,0.7752596077408087
convnext_tiny,frozen,1,0,1.3122346489149288
convnext_tiny,frozen,1,1,1.053668065271858
convnext_tiny,frozen,1,2,1.0092847269900842
convnext_tiny,frozen,1,3,1.199007270170811
convnext_tiny,frozen,1,4,1.2763147562553148
convnext_tiny,frozen,2,0,1.0125048338098943
convnext_tiny,frozen,2,1,1.2091578418244529
convnext_tiny,frozen,2,2,1.2628500710685702
convnext_tiny,frozen,2,3,1.0822647063881488
convnext_tiny,frozen,2,4,1.2362764984760741
convnext_tiny,frozen,3,0,1.1479228490290365
convnext_tiny,frozen,3,1,1.1963729325031298
convnext_tiny,frozen,3,2,1.2526562204504352
convnext_tiny,frozen,3,3,1.1290851509877111
convnext_tiny,frozen,3,4,1.0264382633331042
convnext_tiny,finetuned,1,0,1.0831417293716465
convnext_tiny,finetuned,1,1,0.9756116467013916
convnext_tiny,finetuned,1,2,1.0167437402304924
convnext_tiny,finetuned,1,3,0.9842760171208634
convnext_tiny,finetuned,1,4,1.1057275332828067
convnext_tiny,finetuned,2,0,1.0893738157305906
convnext_tiny,finetuned,2,1,0.9890394943913362
convnext_tiny,finetuned,2,2,0.9797824620335722
convnext_tiny,finetuned,2,3,1.0857824397982008
convnext_tiny,finetuned,2,4,1.0461033478980213
convnext_tiny,finetuned,3,0,1.1085360972162472
convnext_tiny,finetuned,3,1,1.0299154825316705
convnext_tiny,finetuned,3,2,0.9313156721643061
convnext_tiny,finetuned,3,3,1.034033150348676
convnext_tiny,finetuned,3,4,1.0779041214478284
