arch,strategy,fold,seed,epochs_run,n_train,n_test,seconds,model_kept
mobilenet_v2,frozen,0,1,13,1046,290,59.7,True
mobilenet_v2,frozen,0,2,14,1046,290,61.3,False
mobilenet_v2,frozen,0,3,15,1046,290,59.6,False
mobilenet_v2,frozen,1,1,17,1000,313,67.6,False
mobilenet_v2,frozen,1,2,16,1000,313,61.2,False
mobilenet_v2,frozen,1,3,20,1000,313,77.4,False
mobilenet_v2,frozen,2,1,16,1005,335,69.1,False
mobilenet_v2,frozen,2,2,24,1005,335,80.6,False
mobilenet_v2,frozen,2,3,19,1005,335,74.1,False
mobilenet_v2,frozen,3,1,15,1041,297,61.8,False
mobilenet_v2,frozen,3,2,20,1041,297,78.3,False
mobilenet_v2,frozen,3,3,15,1041,297,59.8,False
mobilenet_v2,frozen,4,1,12,1038,295,53.2,False
mobilenet_v2,frozen,4,2,12,1038,295,49.1,False
mobilenet_v2,frozen,4,3,14,1038,295,54.3,False
mobilenet_v2,finetuned,0,1,50,1046,290,209.3,True
mobilenet_v2,finetuned,0,2,50,1046,290,201.1,False
mobilenet_v2,finetuned,0,3,50,1046,290,203.6,False
mobilenet_v2,finetuned,1,1,50,1000,313,202.0,False
mobilenet_v2,finetuned,1,2,50,1000,313,202.3,False
mobilenet_v2,finetuned,1,3,50,1000,313,199.9,False
mobilenet_v2,finetuned,2,1,50,1005,335,200.1,False
mobilenet_v2,finetuned,2,2,50,1005,335,199.5,False
mobilenet_v2,finetuned,2,3,50,1005,335,203.3,False
mobilenet_v2,finetuned,3,1,50,1041,297,200.9,False
mobilenet_v2,finetuned,3,2,50,1041,297,206.1,False
mobilenet_v2,finetuned,3,3,50,1041,297,203.8,False
mobilenet_v2,finetuned,4,1,50,1038,295,197.0,False
mobilenet_v2,finetuned,4,2,45,1038,295,184.4,False
mobilenet_v2,finetuned,4,3,49,1038,295,201.3,False
mobilenet_v3_small,frozen,0,1,19,1046,290,72.2,True
mobilenet_v3_small,frozen,0,2,17,1046,290,63.8,False
mobilenet_v3_small,frozen,0,3,15,1046,290,57.0,False
mobilenet_v3_small,frozen,1,1,27,1000,313,94.7,False
mobilenet_v3_small,frozen,1,2,23,1000,313,80.3,False
mobilenet_v3_small,frozen,1,3,27,1000,313,95.1,False
mobilenet_v3_small,frozen,2,1,23,1005,335,83.7,False
mobilenet_v3_small,frozen,2,2,24,1005,335,83.8,False
mobilenet_v3_small,frozen,2,3,22,1005,335,76.8,False
mobilenet_v3_small,frozen,3,1,21,1041,297,73.5,False
mobilenet_v3_small,frozen,3,2,22,1041,297,75.7,False
mobilenet_v3_small,frozen,3,3,20,1041,297,72.5,False
mobilenet_v3_small,frozen,4,1,16,1038,295,61.8,False
mobilenet_v3_small,frozen,4,2,24,1038,295,93.6,False
mobilenet_v3_small,frozen,4,3,24,1038,295,84.2,False
mobilenet_v3_small,finetuned,0,1,50,1046,290,193.3,True
mobilenet_v3_small,finetuned,0,2,50,1046,290,199.0,False
mobilenet_v3_small,finetuned,0,3,50,1046,290,188.6,False
mobilenet_v3_small,finetuned,1,1,50,1000,313,179.8,False
mobilenet_v3_small,finetuned,1,2,50,1000,313,188.4,False
mobilenet_v3_small,finetuned,1,3,50,1000,313,176.7,False
mobilenet_v3_small,finetuned,2,1,50,1005,335,172.0,False
mobilenet_v3_small,finetuned,2,2,50,1005,335,178.1,False
mobilenet_v3_small,finetuned,2,3,50,1005,335,175.4,False
mobilenet_v3_small,finetuned,3,1,50,1041,297,184.7,False
mobilenet_v3_small,finetuned,3,2,50,1041,297,190.5,False
mobilenet_v3_small,finetuned,3,3,50,1041,297,192.4,False
mobilenet_v3_small,finetuned,4,1,50,1038,295,183.4,False
mobilenet_v3_small,finetuned,4,2,50,1038,295,184.6,False
mobilenet_v3_small,finetuned,4,3,50,1038,295,179.1,False
resnet_50,frozen,0,1,12,1046,290,102.3,True
resnet_50,frozen,0,2,15,1046,290,123.1,False
resnet_50,frozen,0,3,13,1046,290,103.6,False
resnet_50,frozen,1,1,13,1000,313,106.4,False
resnet_50,frozen,1,2,15,1000,313,119.6,False
resnet_50,frozen,1,3,14,1000,313,112.6,False
resnet_50,frozen,2,1,15,1005,335,122.5,False
resnet_50,frozen,2,2,13,1005,335,93.7,False
resnet_50,frozen,2,3,13,1005,335,107.3,False
resnet_50,frozen,3,1,14,1041,297,122.0,False
resnet_50,frozen,3,2,15,1041,297,128.8,False
resnet_50,frozen,3,3,21,1041,297,178.1,False
resnet_50,frozen,4,1,14,1038,295,105.7,False
resnet_50,frozen,4,2,15,1038,295,113.0,False
resnet_50,frozen,4,3,12,1038,295,103.5,False
resnet_50,finetuned,0,1,22,1046,290,200.4,True
resnet_50,finetuned,0,2,26,1046,290,235.6,False
resnet_50,finetuned,0,3,24,1046,290,227.1,False
resnet_50,finetuned,1,1,35,1000,313,298.4,False
resnet_50,finetuned,1,2,34,1000,313,294.8,False
resnet_50,finetuned,1,3,33,1000,313,281.4,False
resnet_50,finetuned,2,1,35,1005,335,299.4,False
resnet_50,finetuned,2,2,31,1005,335,267.6,False
resnet_50,finetuned,2,3,28,1005,335,242.9,False
resnet_50,finetuned,3,1,25,1041,297,226.3,False
resnet_50,finetuned,3,2,25,1041,297,225.0,False
resnet_50,finetuned,3,3,24,1041,297,211.6,False
resnet_50,finetuned,4,1,34,1038,295,298.9,False
resnet_50,finetuned,4,2,36,1038,295,315.2,False
resnet_50,finetuned,4,3,36,1038,295,316.5,False
efficientnet_b0,frozen,0,1,17,1046,290,84.8,True
efficientnet_b0,frozen,0,2,14,1046,290,72.4,False
efficientnet_b0,frozen,0,3,14,1046,290,81.1,False
efficientnet_b0,frozen,1,1,13,1000,313,67.3,False
efficientnet_b0,frozen,1,2,14,1000,313,73.3,False
efficientnet_b0,frozen,1,3,14,1000,313,73.0,False
efficientnet_b0,frozen,2,1,21,1005,335,95.7,False
efficientnet_b0,frozen,2,2,17,1005,335,84.3,False
efficientnet_b0,frozen,2,3,15,1005,335,75.3,False
efficientnet_b0,frozen,3,1,15,1041,297,82.9,False
efficientnet_b0,frozen,3,2,14,1041,297,74.8,False
efficientnet_b0,frozen,3,3,17,1041,297,86.7,False
efficientnet_b0,frozen,4,1,12,1038,295,68.9,False
efficientnet_b0,frozen,4,2,15,1038,295,81.6,False
efficientnet_b0,frozen,4,3,18,1038,295,91.1,False
efficientnet_b0,finetuned,0,1,50,1046,290,249.6,True
efficientnet_b0,finetuned,0,2,50,1046,290,249.2,False
efficientnet_b0,finetuned,0,3,50,1046,290,251.8,False
efficientnet_b0,finetuned,1,1,50,1000,313,237.2,False
efficientnet_b0,finetuned,1,2,50,1000,313,233.9,False
efficientnet_b0,finetuned,1,3,50,1000,313,239.9,False
efficientnet_b0,finetuned,2,1,50,1005,335,235.0,False
efficientnet_b0,finetuned,2,2,50,1005,335,236.7,False
efficientnet_b0,finetuned,2,3,50,1005,335,233.5,False
efficientnet_b0,finetuned,3,1,50,1041,297,240.2,False
efficientnet_b0,finetuned,3,2,50,1041,297,242.2,False
efficientnet_b0,finetuned,3,3,50,1041,297,244.0,False
efficientnet_b0,finetuned,4,1,50,1038,295,242.6,False
efficientnet_b0,finetuned,4,2,50,1038,295,235.3,False
efficientnet_b0,finetuned,4,3,50,1038,295,238.1,False
convnext_tiny,frozen,0,1,20,1046,290,329.0,True
convnext_tiny,frozen,0,2,18,1046,290,301.1,False
convnext_tiny,frozen,0,3,19,1046,290,329.3,False
convnext_tiny,frozen,1,1,16,1000,313,277.1,False
convnext_tiny,frozen,1,2,18,1000,313,305.1,False
convnext_tiny,frozen,1,3,18,1000,313,313.6,False
convnext_tiny,frozen,2,1,17,1005,335,280.1,False
convnext_tiny,frozen,2,2,22,1005,335,350.3,False
convnext_tiny,frozen,2,3,22,1005,335,347.5,False
convnext_tiny,frozen,3,1,16,1041,297,270.7,False
convnext_tiny,frozen,3,2,14,1041,297,247.7,False
convnext_tiny,frozen,3,3,15,1041,297,270.5,False
convnext_tiny,frozen,4,1,17,1038,295,289.8,False
convnext_tiny,frozen,4,2,17,1038,295,286.1,False
convnext_tiny,frozen,4,3,15,1038,295,262.6,False
efficientnet_v2_b0,frozen,0,1,14,1046,290,83.6,True
efficientnet_v2_b0,frozen,0,2,13,1046,290,74.3,False
efficientnet_v2_b0,frozen,0,3,14,1046,290,72.2,False
efficientnet_v2_b0,frozen,1,1,17,1000,313,87.4,False
efficientnet_v2_b0,frozen,1,2,14,1000,313,76.1,False
efficientnet_v2_b0,frozen,1,3,18,1000,313,89.6,False
efficientnet_v2_b0,frozen,2,1,21,1005,335,103.8,False
efficientnet_v2_b0,frozen,2,2,16,1005,335,79.4,False
efficientnet_v2_b0,frozen,2,3,24,1005,335,110.8,False
efficientnet_v2_b0,frozen,3,1,15,1041,297,82.5,False
efficientnet_v2_b0,frozen,3,2,22,1041,297,97.3,False
efficientnet_v2_b0,frozen,3,3,17,1041,297,88.7,False
efficientnet_v2_b0,frozen,4,1,19,1038,295,98.0,False
efficientnet_v2_b0,frozen,4,2,20,1038,295,106.1,False
efficientnet_v2_b0,frozen,4,3,18,1038,295,87.6,False
efficientnet_v2_b0,finetuned,0,1,50,1046,290,231.9,True
efficientnet_v2_b0,finetuned,0,2,50,1046,290,228.8,False
efficientnet_v2_b0,finetuned,0,3,50,1046,290,222.7,False
efficientnet_v2_b0,finetuned,1,1,50,1000,313,218.8,False
efficientnet_v2_b0,finetuned,1,2,50,1000,313,220.4,False
efficientnet_v2_b0,finetuned,1,3,50,1000,313,221.7,False
efficientnet_v2_b0,finetuned,2,1,50,1005,335,219.6,False
efficientnet_v2_b0,finetuned,2,2,50,1005,335,221.4,False
efficientnet_v2_b0,finetuned,2,3,50,1005,335,221.8,False
efficientnet_v2_b0,finetuned,3,1,50,1041,297,223.8,False
efficientnet_v2_b0,finetuned,3,2,50,1041,297,225.4,False
efficientnet_v2_b0,finetuned,3,3,50,1041,297,225.4,False
efficientnet_v2_b0,finetuned,4,1,50,1038,295,223.3,False
efficientnet_v2_b0,finetuned,4,2,50,1038,295,217.1,False
efficientnet_v2_b0,finetuned,4,3,50,1038,295,221.7,False
nasnet_mobile,frozen,0,1,23,1046,290,148.4,True
nasnet_mobile,frozen,0,2,16,1046,290,114.0,False
nasnet_mobile,frozen,0,3,20,1046,290,158.3,False
nasnet_mobile,frozen,1,1,27,1000,313,179.5,False
nasnet_mobile,frozen,1,2,25,1000,313,154.0,False
nasnet_mobile,frozen,1,3,20,1000,313,139.6,False
nasnet_mobile,frozen,2,1,21,1005,335,134.6,False
nasnet_mobile,frozen,2,2,18,1005,335,132.2,False
nasnet_mobile,frozen,2,3,22,1005,335,138.6,False
nasnet_mobile,frozen,3,1,20,1041,297,151.9,False
nasnet_mobile,frozen,3,2,22,1041,297,144.8,False
nasnet_mobile,frozen,3,3,14,1041,297,114.0,False
nasnet_mobile,frozen,4,1,16,1038,295,119.6,False
nasnet_mobile,frozen,4,2,14,1038,295,115.4,False
nasnet_mobile,frozen,4,3,12,1038,295,98.0,False
nasnet_mobile,finetuned,0,1,50,1046,290,318.2,True
nasnet_mobile,finetuned,0,2,50,1046,290,339.7,False
nasnet_mobile,finetuned,0,3,50,1046,290,307.5,False
nasnet_mobile,finetuned,1,1,50,1000,313,302.7,False
nasnet_mobile,finetuned,1,2,50,1000,313,309.3,False
nasnet_mobile,finetuned,1,3,50,1000,313,302.5,False
nasnet_mobile,finetuned,2,1,50,1005,335,316.8,False
nasnet_mobile,finetuned,2,2,50,1005,335,322.1,False
nasnet_mobile,finetuned,2,3,50,1005,335,297.2,False
nasnet_mobile,finetuned,3,1,50,1041,297,303.1,False
nasnet_mobile,finetuned,3,2,50,1041,297,307.6,False
nasnet_mobile,finetuned,3,3,50,1041,297,315.6,False
nasnet_mobile,finetuned,4,1,50,1038,295,331.0,False
nasnet_mobile,finetuned,4,2,50,1038,295,316.8,False
nasnet_mobile,finetuned,4,3,50,1038,295,297.4,False
convnext_tiny,finetuned,3,1,50,1041,297,1328.1,False
convnext_tiny,finetuned,3,2,50,1041,297,1318.1,False
convnext_tiny,finetuned,3,3,50,1041,297,1312.3,False
convnext_tiny,finetuned,4,1,50,1038,295,1337.9,False
convnext_tiny,finetuned,4,2,50,1038,295,1320.7,False
convnext_tiny,finetuned,4,3,50,1038,295,1318.5,False
