filename,demodicosis,dermatitis,flea_allergy,fungus,ringworm,scabies
1000011977_x4_jpg.rf.e10af1b08e522af2f270564726c881e5.jpg,0,1,0,0,0,0
j30_jpeg_jpg.rf.e9d4779acc766110d80601a147efe0c2.jpg,0,0,0,1,0,0
aug_0_6407_jpeg_jpg.rf.f121d68e6b6a5894b6d5aff5244b2ea1.jpg,0,1,0,0,0,0
1000010781_x16_jpg.rf.4fd9e07ac7e2905e1e5a15c361ffb0da.jpg,0,1,0,0,0,0
aug_0_5577_jpeg_jpg.rf.085f1317b0983b54f95e0868a0e3b29c.jpg,0,1,0,0,0,0
33D1CE2C-576A-4B08-ACF2-0BA5F727A13D_jpeg_jpg.rf.284a192d051ef1edf71013b9188f5c7b.jpg,0,0,0,0,1,0
jamur39_jpeg_jpg.rf.cdcaafb03fc177967a463c4b99f83fa1.jpg,0,0,0,1,0,0
1000010764_x16_jpg.rf.c55f369c94e1bc987aa77f811305fd8d.jpg,0,0,0,0,0,1
2024-05-13-133205_2_jpg.rf.4ca7340d7317b2acfd5082ddfee87f6d.jpg,1,0,0,0,0,0
1w_png_jpg.rf.9eaeab5510706033ea5ab5fe3eb31f41.jpg,0,0,0,0,1,0
2024-05-13-132731_3_jpg.rf.51b32708d1ead6bef905361eb7024207.jpg,1,0,0,0,0,0
1000010628_x4_jpg.rf.32c6d2d5e8276f1ed372061bf0e560e3.jpg,0,1,0,0,0,0
2024-05-13-132545_3_jpg.rf.7825cebacb65ecac089d273b093fb786.jpg,1,0,0,0,0,0
jamur9_jpeg_jpg.rf.99d0be5df476389532b0434d2b7b9476.jpg,0,0,0,1,0,0
aug_0_8358_jpeg_jpg.rf.f6b95e6c10bdad97dc04cd8612437c1c.jpg,0,1,0,0,0,0
j36_jpeg_jpg.rf.ccac494163ab4a69c2c0b4db04f9fb72.jpg,0,0,0,1,0,0
jamur29_jpeg_jpg.rf.d65848f27b972e40c69376d0ec3dcdc1.jpg,0,0,0,1,0,0
1000010751_x16_jpg.rf.59a911452344e3d41350263981ae2e79.jpg,0,1,0,0,0,0
aug_0_7734_jpeg_jpg.rf.94828fc8a1f4672bbfed3538788e9923.jpg,0,1,0,0,0,0
aug_0_118_jpeg_jpg.rf.9ba373d37ba02c54ecfe22f3a852fe2d.jpg,0,1,0,0,0,0
2024-05-13-134023_4_jpg.rf.9edf4a0ff406d5abebb2bb06c5f67d43.jpg,1,0,0,0,0,0
37w_png_jpg.rf.a70edd41be76e34dd492fe32dfcd1a62.jpg,0,0,0,0,1,0
1000010768_x4_jpg.rf.fe9dcdc3db77904a7ec190baf21a51e6.jpg,0,0,0,0,0,1
2024-05-13-134258_4_jpg.rf.5dadc68ae0b6201220f16c86f9087f89.jpg,1,0,0,0,0,0
jamur8_jpeg_jpg.rf.ed199721ad03e17c6c43cda29faa4dee.jpg,0,0,0,1,0,0
1000010758_x16_jpg.rf.7ee3727f7f1880c035ae2ef07270bd60.jpg,0,1,0,0,0,0
2024-05-13-134258_3_jpg.rf.17711a7d2a659561fabfa45ac5744e5d.jpg,1,0,0,0,0,0
2024-05-13-132508_1_jpg.rf.8a2ed535a675f8e52c750fa73deed583.jpg,1,0,0,0,0,0
jamur66_jpeg_jpg.rf.0203e6729c8521ddbe19a5400d0345c8.jpg,0,0,0,1,0,0
2FEA7A2A-1D59-4C08-AA10-6F02F8757E69_jpeg_jpg.rf.e4fe6fe2e911cbf85ba57e1f9a8bb60e.jpg,0,0,0,0,1,0
jamur22_jpeg_jpg.rf.c5158404bdea44c2d24fc0c77828bbd9.jpg,0,0,0,1,0,0
2024-05-13-132116_2_jpg.rf.049985389a208c49f971b70cc405fe01.jpg,1,0,0,0,0,0
aug_0_2794_jpeg_jpg.rf.4c02d2d548c366a6dc198c26074ffaef.jpg,0,1,0,0,0,0
1_png_jpg.rf.00b68705ace95935b0213671abf73e4d.jpg,0,0,0,0,0,1
j53_jpeg_jpg.rf.a2a40d3c085c8feada11ea1adbd1986b.jpg,0,0,0,1,0,0
aug_0_6658_jpeg_jpg.rf.37df7cefd2511ad99ce6b33d6bfe62bd.jpg,0,1,0,0,0,0
aug_0_121_jpeg_jpg.rf.8064b72e22d4a19e6674c4bc945f66dc.jpg,0,1,0,0,0,0
32t_png_jpg.rf.caf46134e36e99e6ac6b1596b247498a.jpg,0,0,0,0,1,0
jamur36_jpeg_jpg.rf.c181581641eb7d96ef7647e6d8826ace.jpg,0,0,0,1,0,0
2024-05-13-131919_jpg.rf.edd6c1196937706c4a61d2da83b158ae.jpg,1,0,0,0,0,0
1000010656_x16_jpg.rf.54201dfb96b172d63c7b8f1ccd2a8b67.jpg,0,1,0,0,0,0
435650633_3861504260748951_6666466989484237884_n-1-_jpg.rf.68e1c671570f04c7615b224215751c69.jpg,0,0,0,0,1,0
aug_0_1115_jpeg_jpg.rf.cfe3fc70228183bc1b58786f9e3f7a53.jpg,0,0,1,0,0,0
aug_0_3906_jpeg_jpg.rf.6f255c8ed8b2e064cb597fb1982e6b2d.jpg,0,1,0,0,0,0
aug_0_7532_jpeg_jpg.rf.0168ab4b76ffafa82536ff4007d269b1.jpg,0,0,1,0,0,0
1000010765_x4_jpg.rf.a2a04b325f872c6c36d9879e7de7829d.jpg,0,1,0,0,0,0
3EC7EFF1-CC50-4657-9EF9-75F7EE481072_jpeg_jpg.rf.d16fb1d38b604906432edd55bd34f71c.jpg,0,0,0,0,1,0
aug_0_2828_jpeg_jpg.rf.990e2acb74b6b98c6ac30bbd3ca1ab0a.jpg,0,0,0,0,0,1
435664928_1153756869147274_8155501997547220077_n_jpg.rf.29e631a99016b7a15be5ab1f2bdfaeec.jpg,0,0,0,0,1,0
aug_0_6695_jpeg_jpg.rf.1c448de135e751ae1d54f9b068f11bc0.jpg,0,0,1,0,0,0
aug_0_3703_jpeg_jpg.rf.e594cbc1dbf33ada56fe0d90032a0bd0.jpg,0,0,0,0,0,1
aug_0_1331_jpeg_jpg.rf.e0ac32f0383c7e15af39078cf4145cd8.jpg,0,1,0,0,0,0
1000010597_x4_jpg.rf.c43d63eefafc1db5ffa08202508a7089.jpg,0,1,0,0,0,0
2024-05-13-132731_3_jpg.rf.8832086aed9c6a002f6ed346c2cfad24.jpg,1,0,0,0,0,0
1000010653_x16_jpg.rf.c41fd4c2006313113381d511600e9713.jpg,0,1,0,0,0,0
1000010698_x4_jpg.rf.a894b51f2846c65351ae18085ba4e1e0.jpg,0,0,1,0,0,0
2024-05-13-133056_1_jpg.rf.1ef2a98d74056a354db9a5b520685e34.jpg,1,0,0,0,0,0
jamur29_jpeg_jpg.rf.41e6ac6ac5857dfb77a0e15422791c1a.jpg,0,0,0,1,0,0
2FEA7A2A-1D59-4C08-AA10-6F02F8757E69_jpeg_jpg.rf.71b39148e856348d104df8b96220c16b.jpg,0,0,0,0,1,0
431b67dc8abef58a33f606ec6d5b2bd00e016900_jpeg_jpg.rf.106ce815c00f0c2f83d507757b84f94c.jpg,0,0,0,0,0,1
2024-05-13-133056_1_jpg.rf.c1e40aeb49f08c0b4809d5a9e08b87c6.jpg,1,0,0,0,0,0
2024-05-13-132935_4_jpg.rf.391c6871dc71ccde872b4c32ff2b246b.jpg,1,0,0,0,0,0
aug_0_8675_jpeg_jpg.rf.3ff9902babf331e1ea5e7a010da89dd3.jpg,0,0,1,0,0,0
436627664_402183386034908_3493737909200169023_n_jpg.rf.c2878345f194a731c9191f97ab8da07f.jpg,0,0,0,0,1,0
90d1b2e80bd3a66d9de4a757d98ac54e448e0a04_jpeg_jpg.rf.aaeb04a1fdef7f6ba3478695a75a3a62.jpg,0,0,0,0,0,1
aug_0_342_jpeg_jpg.rf.6a073cdbe8084957fea5572476fdefb2.jpg,0,0,1,0,0,0
2024-05-13-132153_3_jpg.rf.aec61fd374b1c8597f6400e1d0a8e48e.jpg,1,0,0,0,0,0
18_png_jpg.rf.15a3aa543b42fd65644c4b0b6702af81.jpg,0,0,0,0,0,1
2024-05-13-132428_3_jpg.rf.ece0de14396535adf663254a0f4f96aa.jpg,1,0,0,0,0,0
jamur48_jpeg_jpg.rf.45f4474d4c940e0e17a83e7e7b4d6b42.jpg,0,0,0,1,0,0
jamur31_jpeg_jpg.rf.255c8ab135eeb1916379d0b35029d5d6.jpg,0,0,0,1,0,0
1000010581_x16_jpg.rf.62f031dd654118f6eb2055c8bfac3d0f.jpg,0,0,0,0,1,0
2w_jpg.rf.34fea4608aec510a1b2e6b5a116ebe85.jpg,0,0,0,0,1,0
aug_0_1435_jpeg_jpg.rf.a2024191d2312adc370de602129abadf.jpg,0,1,0,0,0,0
aug_0_5764_jpeg_jpg.rf.5dc6835a2c75693d03a26d4a5a35fe2d.jpg,0,1,0,0,0,0
aug_0_6658_jpeg_jpg.rf.f5f0fc9cdacdf0b9bcabf944592c6c11.jpg,0,1,0,0,0,0
aug_0_4306_jpeg_jpg.rf.b1d9b8f5fd1df4451dae8110bd3178f7.jpg,0,0,0,0,0,1
1000010718_x16_jpg.rf.b7c8aba12dd3830f1c705e6b050148cf.jpg,0,0,0,0,0,1
1000010769_x16_jpg.rf.55d49c775a6a4ad793ec557515ca70f2.jpg,0,1,0,0,0,0
1000011972_x4_jpg.rf.7ec5d674d9578280dfb74a1b2ba6cb3c.jpg,0,1,0,0,0,0
j46_jpeg_jpg.rf.95223cbf7ecd5222dfe9aac6ba8c249e.jpg,0,0,0,1,0,0
436640003_939449091294830_7683376979877978508_n_jpg.rf.463f35392cf2100dcf139cdc3e20db9c.jpg,0,0,0,0,1,0
2024-05-13-134023_1_jpg.rf.687b0ec7f0e2e5eb806324094cdc8f44.jpg,1,0,0,0,0,0
aug_0_4326_jpeg_jpg.rf.16618c4424f1dda6c04579b44d90ae82.jpg,0,0,0,0,0,1
aug_0_3649_jpeg_jpg.rf.8308a1f498fcf536b1a90055f4715d47.jpg,0,0,0,0,0,1
jamur72_jpeg_jpg.rf.2ce94952dbf59cf322e4fb24742623d1.jpg,0,0,0,1,0,0
waj11_jpeg_jpg.rf.a5eb56467ef5971a59c70d3ad32a594c.jpg,0,0,0,1,0,0
2024-05-13-134258_3_jpg.rf.fe68f2d49a58ff575160f0838b7860e8.jpg,1,0,0,0,0,0
1000010498_x16_jpg.rf.bb78a3a9a617e941d2c3af9af23fe87b.jpg,0,0,0,0,1,0
435528684_875025924383515_4474230738332666593_n_jpg.rf.085c07ee8270dc8c6a7873a25fa5f75d.jpg,0,0,0,0,1,0
2009-2652-Yegar-M-Canis-Cafhwas_jpg.rf.67acb1cc811d9a6bea56540d8dd5741a.jpg,0,0,0,0,1,0
1000010683_x4_jpg.rf.34e0fa74183d8dea884189d793d27c23.jpg,0,1,0,0,0,0
30884FB6-B7EF-4670-879B-FDA76955106E_jpeg_jpg.rf.a509bb2e93ce6f0aa615b0acdfc06113.jpg,0,0,0,0,1,0
aug_0_3923_jpeg_jpg.rf.2e986a81a208b4d1040350b7dac3b55e.jpg,0,0,1,0,0,0
1000010684_x16_jpg.rf.c556f3adf3441489531b8774b65009c7.jpg,0,0,1,0,0,0
340935545_1564725817350843_3975094440924812534_n_jpg.rf.e649656a6f3633df4f22ee569672a59f.jpg,0,0,0,0,0,1
jamur18_jpeg_jpg.rf.9b6c2b57ded127693d6199aa464e3d7a.jpg,0,0,0,1,0,0
36t_png_jpg.rf.2dbfae741147d2e7636bafa287d77738.jpg,0,0,0,0,1,0
1000010631_x4_jpg.rf.3f89ec683d6d7988c3c1c46804aa01bc.jpg,0,0,0,0,0,1
aug_0_4984_jpeg_jpg.rf.125f20df52eafbe008da435cdb77ed11.jpg,0,0,0,0,0,1
1000011982_x4_jpg.rf.f888333ce3a682acf473dc018ff43655.jpg,0,0,0,0,1,0
aug_0_5156_jpeg_jpg.rf.208a142edd6a13095cc4cab709abb10f.jpg,0,0,1,0,0,0
jamur2_jpeg_jpg.rf.e5ca251e4fe11e2a4318b58b2c283063.jpg,0,0,0,1,0,0
aug_0_3718_jpeg_jpg.rf.073e6ed06d8c596cca0a323ac4661c51.jpg,0,1,0,0,0,0
32qy_png_jpg.rf.52f40f5c66231dd197cc9c24da18c3be.jpg,0,0,0,0,1,0
jamur74_jpeg_jpg.rf.d32ccb91dffafc98114c233223477875.jpg,0,0,0,1,0,0
aug3_jpg.rf.081e69f7e7d74c691326a12b8ef6b0d7.jpg,0,0,0,0,0,1
jamur63_jpeg_jpg.rf.762b396fa39694e7b7c0c197d961756c.jpg,0,0,0,1,0,0
1000010662_x16_jpg.rf.dbead9c8d693ada9aa00ef583b80ac06.jpg,0,0,1,0,0,0
1000010771_x16_jpg.rf.4f0d304cdd68b2beb708f60139102192.jpg,0,0,1,0,0,0
aug_0_435_jpeg_jpg.rf.3f2edb9178e8fd5a1e1e20c15d2d8fe0.jpg,0,0,0,0,0,1
aug_0_2566_jpeg_jpg.rf.54ebc50ba5da3818fee27957a7cca80b.jpg,0,1,0,0,0,0
30_png_jpg.rf.19697b6be67c6230c66d5372a97353dd.jpg,0,0,0,0,0,1
2_jpg.rf.5a7cffa15c63e80a8c1be02b3f0fd647.jpg,0,0,0,0,1,0
j21_jpeg_jpg.rf.c0cbe4e9b2b96edd926851cb091ab809.jpg,0,0,0,1,0,0
waj2_jpeg_jpg.rf.3d391e8df70e02dd0d844d5d24852f73.jpg,0,0,0,1,0,0
jamur43_jpeg_jpg.rf.db2aabae648a5352c72a5fda01afa360.jpg,0,0,0,1,0,0
aug_0_5890_jpeg_jpg.rf.f8ad23a9c2eef17533464147fb325c70.jpg,0,0,0,0,0,1
aug_0_3019_jpeg_jpg.rf.5048bd3160454a640bb57b2e4ae0e802.jpg,0,0,1,0,0,0
32qu_png_jpg.rf.626e1dff4527d864eb1f9d3b3b22ea26.jpg,0,0,0,0,1,0
2024-05-13-133853_2_jpg.rf.cb21464f4cdd711827106cd17a6bf226.jpg,1,0,0,0,0,0
1000010502_x16_jpg.rf.d0bbfd5b456a693a465aa0410c84f487.jpg,0,1,0,0,0,0
aug_0_5721_jpeg_jpg.rf.0361ffed540e7f3089ff7c3e97e2c9ba.jpg,0,0,0,0,0,1
31_png_jpg.rf.d5956f81891bb2350046e5fd45c88168.jpg,0,0,0,0,0,1
j27_jpeg_jpg.rf.a1ef90ccb8eb506a91ea4c8eb500a090.jpg,0,0,0,1,0,0
aug_0_5050_jpeg_jpg.rf.414906bf1fe17194c275657b0a2a0e4c.jpg,0,0,1,0,0,0
1000010682_x16_jpg.rf.7c4871ab002eb0e71550996891f16366.jpg,0,0,0,0,1,0
jamur44_jpeg_jpg.rf.d7e3d7ce81b8e15e3ffa2b30dd1b4db3.jpg,0,0,0,1,0,0
aug_0_5179_jpeg_jpg.rf.be532542c0335fb3e3f3faf153819fd4.jpg,0,0,1,0,0,0
2024-05-13-132858_4_jpg.rf.aee4ad8152a45a98d0a626f98efd8bde.jpg,1,0,0,0,0,0
18_png_jpg.rf.73594301fbae88c07b293eda6e5c1dd9.jpg,0,0,0,0,0,1
aug_0_2592_jpeg_jpg.rf.f64c9a415251e5a602ab8d95c2a01293.jpg,0,1,0,0,0,0
aug_0_6702_jpeg_jpg.rf.10a35603da5848d68ccb39ae4ef4dc00.jpg,0,1,0,0,0,0
12_png_jpg.rf.a06d07e9756705a30930bde3051c39ce.jpg,0,0,0,0,0,1
aug_0_2329_jpeg_jpg.rf.378aa8916fd01984b76b14f903626df5.jpg,0,0,1,0,0,0
436636046_360111827071591_750719804675544335_n_jpg.rf.1b126e978faf58db388a388134b24053.jpg,0,0,0,0,1,0
aug_0_3907_jpeg_jpg.rf.668b765d7b9847421a0ca47af5709d80.jpg,0,0,1,0,0,0
1000010777_x4_jpg.rf.65cd7bbd9772e07786f46340f85c5667.jpg,0,0,0,0,0,1
37y_png_jpg.rf.9aa81a0b5f3f8455a8ab2517c7315641.jpg,0,0,0,0,1,0
aug_0_628_jpeg_jpg.rf.0f3bf83cf59b988a5c1ab41e19dbf3c4.jpg,0,1,0,0,0,0
296327617_10223333354745759_96123069612573010_n_jpg.rf.286f81cb609fca02b743f6c948f2f07c.jpg,0,1,0,0,0,0
jamur40_jpeg_jpg.rf.14cd2a3995ec948221f74feb302b2e3d.jpg,0,0,0,1,0,0
2024-05-13-134316_2_jpg.rf.96afa7117ce42d26881063cc31c634dc.jpg,1,0,0,0,0,0
2a_jpg.rf.b63e65b55a54a6c1882325c5ca211be1.jpg,0,0,0,0,1,0
32qu_png_jpg.rf.6c4a437f431fbc11e5ed467eb2196ad3.jpg,0,0,0,0,1,0
1000010701_x16_jpg.rf.142e7c42ac5a9233798517d8cc6da1db.jpg,0,1,0,0,0,0
1000010577_x4_jpg.rf.e93cc9ac59f321f2ded9ee04979f53cd.jpg,0,1,0,0,0,0
aug_0_3703_jpeg_jpg.rf.52552e1566e8c13163f454740280b0b3.jpg,0,0,1,0,0,0
j35_jpeg_jpg.rf.98d0377bbfb888cd9fa40b1115b55d7e.jpg,0,0,0,1,0,0
436627664_402183386034908_3493737909200169023_n_jpg.rf.c9e44223b41d2b210cfc353d4b468e0f.jpg,0,0,0,0,1,0
aug_0_6415_jpeg_jpg.rf.752059be1250908ee1d5dfb727677fc2.jpg,0,1,0,0,0,0
aug_0_9688_jpeg_jpg.rf.1d1cd4b45ec7981776d147503eda24d2.jpg,0,0,1,0,0,0
1000010684_x16_jpg.rf.78744918905fad5c1cd001af474c1b73.jpg,0,0,1,0,0,0
2024-05-13-132153_2_jpg.rf.05c2821cfe4a42c83172079d0edb1051.jpg,1,0,0,0,0,0
aug_0_1105_jpeg_jpg.rf.7eaee7cd163bd1e11e898eb3bd2c0f61.jpg,0,0,0,0,0,1
2009-2652-Yegar-M-Canis-Cafhw_jpg.rf.a0057d14cfd2dfec34e22f41c1acea6f.jpg,0,0,0,0,1,0
j26_jpeg_jpg.rf.528d66dbe4f42eb77c6711fd7e8acfb4.jpg,0,0,0,1,0,0
2024-05-13-133920_2_jpg.rf.209bfc33517335c76a8ba012b0155ab3.jpg,1,0,0,0,0,0
31_png_jpg.rf.b3c7fbd41564f9a715fed5e722879179.jpg,0,0,0,0,0,1
waj3_jpeg_jpg.rf.e4c8d6b33cc1a89cdf3251d189b922b9.jpg,0,0,0,1,0,0
2024-05-13-132545_4_jpg.rf.40acbc52e2e37b933d0ceb59aa62def7.jpg,1,0,0,0,0,0
26_png_jpg.rf.ca72f1a4e0fb75228d3a9d8506cd751c.jpg,0,0,0,0,0,1
A9uzGiVCIAAUFC2_jpg.rf.4bb504001cf4a4f8b46495d53c4b1530.jpg,0,0,0,0,0,1
aug_0_3576_jpeg_jpg.rf.7b5d65508ff94a3efd997b2d09515e1b.jpg,0,1,0,0,0,0
waj20_jpeg_jpg.rf.c042c83734ed13eafc6c9294c206159c.jpg,0,0,0,1,0,0
aug_0_5350_jpeg_jpg.rf.cc961e8d681208ac5d7f4adef14e432e.jpg,0,1,0,0,0,0
1000010642_x16_jpg.rf.ce02a75f637f92f2886a989e36f5e77b.jpg,0,0,0,0,1,0
2024-05-13-131950_2_jpg.rf.f846b3bf049c4ebd1b983bb333275bfc.jpg,1,0,0,0,0,0
jamur42_jpeg_jpg.rf.f41ca1774c6d2c1d0cd6798ffd88bceb.jpg,0,0,0,1,0,0
aug_0_1271_jpeg_jpg.rf.afe400ed593db268ed8b1496ad5af1d5.jpg,0,0,0,0,0,1
2024-05-13-132153_1_jpg.rf.54cdca376cfed85ccfb34ce0ba8bbc33.jpg,1,0,0,0,0,0
aug_0_2661_jpeg_jpg.rf.d692915fbf3fc2d9468b036886445d8a.jpg,0,1,0,0,0,0
1000010640_x16_jpg.rf.ebaa470d47f36670c995eac78112b5fa.jpg,0,1,0,0,1,0
1000010575_x16_jpg.rf.9a7fe15b8f1e9bb16d821e5aec538e28.jpg,0,1,0,0,0,0
aug_0_3254_jpeg_jpg.rf.ed45f93dea9916ad7b41be1497d7bde2.jpg,0,0,1,0,0,0
j41_jpeg_jpg.rf.19b18a4b0db61deb719a571827442f67.jpg,0,0,0,1,0,0
1000010639_x16_jpg.rf.911fa718109a41115aa7cce6de81829f.jpg,0,1,0,0,0,0
1000010613_x4_jpg.rf.d252a34bf180ed74ddfd7d4f6a17de2a.jpg,0,0,0,0,1,0
flea_allergy-28-_jpg.rf.0e72a6c69c948fab37672f0bd3d3bb9b.jpg,0,0,1,0,0,0
aug_0_291_jpeg_jpg.rf.c4999d1225c95d8ff4d4fc69a59cb0dd.jpg,0,0,1,0,0,0
aug_0_4985_jpeg_jpg.rf.b8ceaddcaa9b014c4814ce671f08fe5f.jpg,0,0,1,0,0,0
waj11_jpeg_jpg.rf.f2e47d9aab3ea9df377f961719785aaf.jpg,0,0,0,1,0,0
9_png_jpg.rf.8c2b7c845b241c31c7824d046b83397f.jpg,0,0,0,0,0,1
j36_jpeg_jpg.rf.55e6ec368b51fa7e6fd1b2300d801700.jpg,0,0,0,1,0,0
1000010673_x16_jpg.rf.d233796ec30afe02bbef2951d14b72a8.jpg,0,1,0,0,0,0
jamur33_jpeg_jpg.rf.dbc2eb6312f47593266232c17758b4c1.jpg,0,0,0,1,0,0
1000010604_x4_jpg.rf.88c97adfd86336217921e6684ade1c1c.jpg,0,0,0,0,0,1
2024-05-13-132400_2_jpg.rf.1e879485b3ebcb38052068b3c5ce6db4.jpg,1,0,0,0,0,0
26_png_jpg.rf.802710ae2ddbb4911a44257eda85d72e.jpg,0,0,0,0,0,1
2024-05-13-131950_1_jpg.rf.971ac4837cd748baa8e8bbb38aa0f1d0.jpg,1,0,0,0,0,0
jamur71_jpeg_jpg.rf.32d0048747966dddc1bd6c1f7735a2ad.jpg,0,0,0,1,0,0
2024-05-13-134153_3_jpg.rf.366cbd2e8a324f24f0061a01e3282085.jpg,1,0,0,0,0,0
j44_jpeg_jpg.rf.f1f21bf3c814dbe1827eebcb953bf8ad.jpg,0,0,0,1,0,0
aug_0_5136_jpeg_jpg.rf.9b2c228cc54b834fedd0720f68392a25.jpg,0,0,1,0,0,0
2024-05-13-133035_4_jpg.rf.43c02f7edea93072f394b6133ecde17c.jpg,1,0,0,0,0,0
1000010575_x16_jpg.rf.9e875711170a4e13268141bdbbd96b9f.jpg,0,1,0,0,0,0
435664928_1153756869147274_8155501997547220077_n_jpg.rf.1a9b189d68e91ca9163c8d1619ec2819.jpg,0,0,0,0,1,0
aug_0_9883_jpeg_jpg.rf.287f9839b9f0e630c4baa54b51ccc030.jpg,0,0,1,0,0,0
208280465_5954987487874609_5454884803927939563_n_jpg.rf.d2bf9903825129340be46193b9aaba12.jpg,0,0,0,0,0,1
1000010768_x4_jpg.rf.6370aabbec647a5fba5838dbe84f8c3c.jpg,0,0,0,0,0,1
1000010655_x16_jpg.rf.f15bacc13b0c8c04dbbd1ea83a1c9875.jpg,0,0,0,0,1,0
436639986_413245831496612_2113964065260756871_n_jpg.rf.72e2b8a4ddeb5becdf55b1a72cf81146.jpg,0,0,0,0,1,0
2024-05-13-134130_1_jpg.rf.b55373d63eb5814fc1928e62f8562140.jpg,1,0,0,0,0,0
j32_jpeg_jpg.rf.095d61d1ca13feece57aad6322a045f8.jpg,0,0,0,1,0,0
jamur32_jpeg_jpg.rf.d54338f8c6515ee71d523adf4dc7d9d0.jpg,0,0,0,1,0,0
flea_allergy-30-_jpg.rf.8bf3cbcd1218466ed533070ea82959f7.jpg,0,0,1,0,0,0
aug_0_5630_jpeg_jpg.rf.e2decc84865242ad410cdcc5bc2d1469.jpg,0,0,0,0,0,1
2024-05-13-133135_1_jpg.rf.5653153795aca130182913d7bb3b1095.jpg,1,0,0,0,0,0
37DB4683-6FF6-4524-91C8-D48A67917E6F_jpeg_jpg.rf.df0839b529b3453eeb4fd5ff13280330.jpg,0,0,0,0,1,0
2009-2652-Yegar-M-Canis-Cafhwas_jpg.rf.aa771b6a3de75b4daac08c52fbbe8f87.jpg,0,0,0,0,1,0
jamur81_jpeg_jpg.rf.77f62b425538e711eabc232e1c4c861b.jpg,0,0,0,1,0,0
36t_png_jpg.rf.2ffea23f963050024c5532db6c9fe2dc.jpg,0,0,0,0,1,0
flea_allergy-18-_jpg.rf.375a4b0b5a0d1d50a70c762537c40ae5.jpg,0,0,1,0,0,0
24_png_jpg.rf.f9add07b984237bedc251e0fa3002545.jpg,0,0,0,0,0,1
j39_jpeg_jpg.rf.ae55029216b650243f76d205e37784c9.jpg,0,0,0,1,0,0
3_png_jpg.rf.0e2d32bbffa8043e112995fd99f822d2.jpg,0,0,0,0,0,1
1000010525_x16_jpg.rf.662bef6d5caeac0f8e3a05c6c4d17647.jpg,0,0,1,0,0,0
1000010554_x16_jpg.rf.687e2aaf0d69851968b27b07b7d42464.jpg,0,0,1,0,0,0
jamur13_jpeg_jpg.rf.d53dba9e7b94e2d4764f701460e49a60.jpg,0,0,0,1,0,0
1000011981_x4_jpg.rf.987c333cf6db76e6ef890dea7f99311f.jpg,0,0,0,0,0,1
jamur4_jpeg_jpg.rf.2957ce1e6f897e39ed39074fe5269ec7.jpg,0,0,0,1,0,0
110309934_2084249831710671_644872728960204913_n_jpg.rf.64151edc3cb578113ed250435903f153.jpg,0,0,1,0,0,0
2024-05-13-133135_2_jpg.rf.62b74227627603f0ed077bb8f7061471.jpg,1,0,0,0,0,0
1DD20D9E-7AB9-487A-B43A-7E959076A845_jpeg_jpg.rf.c9c80195dd94197ec4109b0bf203ccfe.jpg,0,0,0,0,1,0
5d5641b96b930df01eb7df119e680c9fdb41f4e4_jpeg_jpg.rf.86d3c6f5b13bd47934f41af6e61ab14d.jpg,0,0,1,0,0,0
2a_jpg.rf.09c9f7915109645f3afdb330cb72af81.jpg,0,0,0,0,1,0
10_png_jpg.rf.65031197f9e7a7118f418cd273a982f2.jpg,0,0,0,0,0,1
jamur5_jpeg_jpg.rf.9d12a3a8a911ad319dcf8a572193a954.jpg,0,0,0,1,0,0
aug_0_3703_jpeg_jpg.rf.4e51ba5f6a3c871548323110ad72d17e.jpg,0,0,0,0,0,1
jamur91_jpeg_jpg.rf.d20c5ee920ebb087d54dbe93c3cce64a.jpg,0,0,0,1,0,0
aug_0_7473_jpeg_jpg.rf.b1905f8e69f645bcd284b7769e43f983.jpg,0,0,1,0,0,0
33068F4F-A898-4A0E-A835-BCDCFCC46903_jpeg_jpg.rf.a1301a626e38ddbb63568de0b5fefdde.jpg,0,0,0,0,1,0
1000010566_x16_jpg.rf.e8a930b3c3383989a996adc035727db9.jpg,0,0,0,0,1,0
1000011963_x4_jpg.rf.d34e087f55bfcad760e4077ca2f9760d.jpg,0,0,0,0,1,0
1a_png_jpg.rf.20b2bfbaa52f6d0d832df1a37409bade.jpg,0,0,0,0,1,0
36_PNG_jpg.rf.9b43bdd60e90fe88eb880ef4e1434933.jpg,0,0,0,0,1,0
24_png_jpg.rf.828eb1da8913a3ff9cbddc03aaa155c0.jpg,0,0,0,0,0,1
aug_0_2309_jpeg_jpg.rf.0494dbffaab4f346b018c9cc641b4d5d.jpg,0,0,1,0,0,0
1000011973_x4_jpg.rf.941f35acef1b62a2e471e1440692a35c.jpg,0,1,0,0,0,0
jamur17_jpeg_jpg.rf.afe5f9009748ec80ae7017aa678633de.jpg,0,0,0,1,0,0
2024-05-13-131950_1_jpg.rf.fd6dc7bccaab51245212318712ae07bd.jpg,1,0,0,0,0,0
aug4_jpg.rf.1137812bf84e2a12865021ecaf1382a8.jpg,0,1,0,0,0,0
2648B87F-2C86-4546-971E-B95B8BCF01DE_jpeg_jpg.rf.c3d7e57afd8032f8b1c8c5b9c31abd66.jpg,0,0,0,0,1,0
2024-05-13-134258_4_jpg.rf.e524c9da8af4a5ad7d3ffa71a9faeaa8.jpg,1,0,0,0,0,0
aug_0_794_jpeg_jpg.rf.898ad9e86e44348a258944d6534cb4a5.jpg,0,0,1,0,0,0
aug_0_7050_jpeg_jpg.rf.ee402824cfc54d3e6d163d79600a5a3c.jpg,0,1,0,0,0,0
23_png_jpg.rf.58f62253bc75c20a6550df9065e1a4ba.jpg,0,0,0,0,0,1
2024-05-13-133056_4_jpg.rf.7cd0bb70ddf4d4093f8cf05133ecf7ce.jpg,1,0,0,0,0,0
14_png_jpg.rf.d2b6c75adffc10df1fad495ee2ce3878.jpg,0,0,0,0,0,1
aug_0_1699_jpeg_jpg.rf.8db7cc50c329e2e84b34c71846e905a8.jpg,0,0,0,0,0,1
2FEA7A2A-1D59-4C08-AA10-6F02F8757E69_jpeg_jpg.rf.68be06085f19dfdefb5a2f822ab111cd.jpg,0,0,0,0,1,0
1000010607_x4_jpg.rf.bd6b45744afbc428789584f4f15cd51b.jpg,0,1,0,0,0,0
16_png_jpg.rf.46b95dca12d137c6e890792abb29f196.jpg,0,0,0,0,0,1
aug_0_2396_jpeg_jpg.rf.620e35b56655b23056fac504100490eb.jpg,0,1,0,0,0,0
436611250_417959844314512_1076972693256378968_n_jpg.rf.5c6cca00f92cfa005c0114d32e36f35d.jpg,0,0,0,0,1,0
flea_allergy-3-_jpg.rf.9a89f149d8d5467d93aa6b70bc346280.jpg,0,0,1,0,0,0
waj15_jpeg_jpg.rf.1c3b8ccde0011b5f1e1614d1f0e336c8.jpg,0,0,0,1,0,0
1000_F_266925987_GoNkiLNIUXfRzYXf96Ngo00leArxL72S_jpg.rf.ead9eaab23e794c9284de9d8a34924e4.jpg,0,1,0,0,0,0
aug_0_1497_jpeg_jpg.rf.663dde954d6d148584e0e0690d29e433.jpg,0,0,0,0,0,1
aug_0_9416_jpeg_jpg.rf.3a4259580ae3b4d28f7bd31a6e197e72.jpg,0,0,1,0,0,0
2a_jpg.rf.8c95f0b5ffab8836929366bcfb25a55c.jpg,0,0,0,0,1,0
flea_allergy-17-_jpg.rf.21aec30ffcf60c25d387eec691b37b83.jpg,0,0,1,0,0,0
aug_0_7804_jpeg_jpg.rf.1ff8bd85c67844f6dcf92f300a9961c8.jpg,0,1,0,0,0,0
2024-05-13-132935_1_jpg.rf.d1ab226eeda65cb5a86f47bf665f0f33.jpg,1,0,0,0,0,0
1000010753_x16_jpg.rf.3f03f4573d4e41ceebb96f5478ce7d5f.jpg,0,1,0,0,0,0
1000010551_x16_jpg.rf.2b0392687bed539b06ef5a49e2356eae.jpg,0,1,0,0,0,0
83482425_2666988283398175_4819098995697647616_n_jpg.rf.fea726ffbacffc944b311ee10dc505f1.jpg,0,1,0,0,0,0
j45_jpeg_jpg.rf.ccd945cacf43449f5bc74277b474e2b1.jpg,0,0,0,1,0,0
1000010535_x16_jpg.rf.484a5f4e29b8ccb1adeb99d9c307fedb.jpg,0,0,1,0,0,0
aug_0_4493_jpeg_jpg.rf.20ec6426edd53c69d1737a02b1885b2e.jpg,0,0,1,0,0,0
aug_0_1103_jpeg_jpg.rf.7d8abd86d3d14d9e690482cf27223b96.jpg,0,0,1,0,0,0
110309934_2084249831710671_644872728960204913_n_jpg.rf.1d900377fe08fad77468752174812709.jpg,0,0,1,0,0,0
0C55F3D4-F15E-4A8B-B193-5E640F5864EA_jpeg_jpg.rf.b1a1e9e9779f1b37c695619fa994a8e5.jpg,0,0,0,0,1,0
1000010778_x16_jpg.rf.5d05cc55af9ba9ecbcf06bd4e054902b.jpg,0,1,0,0,0,0
j55_jpeg_jpg.rf.fc275db0ff2f1b53261df7f072429e61.jpg,0,0,0,1,0,0
1000010667_x16_jpg.rf.7d7d78e2bb7451001c8775ba61606c86.jpg,0,0,0,0,1,0
flea_allergy-2-_jpg.rf.8e26ce7d24043ff69924573785d28563.jpg,0,0,1,0,0,0
2_png_jpg.rf.6416d4cdd4d9e5d47aa090389033cdda.jpg,0,0,0,0,0,1
aug2_jpg.rf.efa92660c9ec1a8d264a3c1c5145d832.jpg,0,0,0,0,0,1
1000010627_x4_jpg.rf.f3073b06fa65b39e743a727febb676fb.jpg,0,0,1,0,0,0
1000010511_x16_jpg.rf.aa51ccefb16a8d8fa3d97270b79a252d.jpg,0,1,0,0,0,0
1000010523_x4_jpg.rf.bcc1f577fbc75539d8a906b847422bb5.jpg,0,0,1,0,0,0
aug_0_7726_jpeg_jpg.rf.6ce476307c22deab6a29fe1aadb0baa3.jpg,0,0,1,0,0,0
j54_jpeg_jpg.rf.d9c8b2a447fccce9273a7c5b0d77c2ca.jpg,0,0,0,1,0,0
jamur7_jpeg_jpg.rf.c9999c389de12cfff6ce4465998c8ddc.jpg,0,0,0,1,0,0
aug_0_9910_jpeg_jpg.rf.40b3733a51900d2618d95055027a6290.jpg,0,0,1,0,0,0
33068F4F-A898-4A0E-A835-BCDCFCC46903_jpeg_jpg.rf.3da975105d054dc0001c6c188dfc56d5.jpg,0,0,0,0,1,0
waj17_jpeg_jpg.rf.1df3300b009792fe3af3cbb68d24ca15.jpg,0,0,0,1,0,0
1000010640_x16_jpg.rf.7f2438ec26d4902c2c7cc1b1107b7890.jpg,0,1,0,0,1,0
1000010621_x4_jpg.rf.a259763ef7e2612a67597e6db22d80e1.jpg,0,0,0,0,0,1
2024-05-13-132153_4_jpg.rf.43e62b223ce5a2a75782a1f69ae5af96.jpg,1,0,0,0,0,0
aug_0_4253_jpeg_jpg.rf.eeeb21a95432c8db2d44d47147d3714a.jpg,0,0,0,0,0,1
1000010590_x4_jpg.rf.dda1571b8f11986f41afdd1c31073d5b.jpg,0,1,0,0,0,0
36q_png_jpg.rf.32df62cb1bcdb7ad61807416510350ea.jpg,0,0,0,0,1,0
32qy_png_jpg.rf.6a40c97eafb37ae373ca2184a5929fef.jpg,0,0,0,0,1,0
2024-05-13-133205_2_jpg.rf.72afcde84dd83d586c92c97a32565c6a.jpg,1,0,0,0,0,0
j23_jpeg_jpg.rf.b8bf0bb765b0b96dd97b0c54a61aed6b.jpg,0,0,0,1,0,0
aug_0_5179_jpeg_jpg.rf.bc17b166ab6383c3f9502b68dea5ae83.jpg,0,0,1,0,0,0
2024-05-13-134336_2_jpg.rf.7a670818f81098b3c3265bb449466b92.jpg,1,0,0,0,0,0
2024-05-13-132627_1_jpg.rf.6e8013920ebd1a9de3264c0254804072.jpg,1,0,0,0,0,0
aug_0_7089_jpeg_jpg.rf.c1bf5512c24a7452d3eaf9b3d9fa93a3.jpg,0,0,1,0,0,0
37y_png_jpg.rf.40f2d0c92cf4e2f201bb7b5cd6b78d31.jpg,0,0,0,0,1,0
6a6ac96f0e9d7d1d4fbbd07f1b4da7fa_jpg.rf.d7fffb38c7fecec3f1e79f2d72090d74.jpg,0,0,0,0,0,1
j51_jpeg_jpg.rf.3d73384be6900f80a8c2a761525cb89e.jpg,0,0,0,1,0,0
2024-05-13-131932_1_jpg.rf.f19b076f60347a8be343aa49884ff094.jpg,1,0,0,0,0,0
aug_0_2779_jpeg_jpg.rf.f1944560112e1b0ef3992c272a0cd37c.jpg,0,0,1,0,0,0
aug_0_2755_jpeg_jpg.rf.0e8f4a3b874aacbab8b05142e6e4f8d8.jpg,0,0,1,0,0,0
1000010751_x16_jpg.rf.b54e14ffab1812e0199b77a665407ed0.jpg,0,1,0,0,0,0
20_png_jpg.rf.ba39e24c1697cc7e21069a3fb4767496.jpg,0,0,0,0,0,1
36q_png_jpg.rf.06e2547689eb76ad131188f664ad9ac3.jpg,0,0,0,0,1,0
1000010494_x16_jpg.rf.fe49297687e00b5a9466a811f868a1b3.jpg,0,1,0,0,0,0
1000010759_x16_jpg.rf.3dc3e66cd09eb9d8eb274bd00b33ad05.jpg,0,1,0,0,0,0
aug_0_3636_jpeg_jpg.rf.31956a8b3cd8aad0f2081600302a840e.jpg,0,0,1,0,0,0
waj15_jpeg_jpg.rf.9963cef578acf83d9de84f8dbdecde17.jpg,0,0,0,1,0,0
aug_0_6629_jpeg_jpg.rf.03ca09563e50f49075b390a9d71f15ef.jpg,0,0,0,0,0,1
1af1e05f9bea841e74c3ef58a2aa86841c3b929c_jpeg_jpg.rf.8601d2ee854827d6902f4f8e5edf5ee2.jpg,0,0,1,0,0,1
jamur95_jpeg_jpg.rf.43caca4e1166a80b16091641635276e1.jpg,0,0,0,1,0,0
jamur52_jpeg_jpg.rf.cde5ea961044822aa1fa961cee209d29.jpg,0,0,0,1,0,0
2024-05-13-133056_4_jpg.rf.fca3f2b8a55defdb13cffa925b6d0d19.jpg,1,0,0,0,0,0
1w_png_jpg.rf.91211fb74019344ab171e4be8ee61a36.jpg,0,0,0,0,1,0
flea_allergy-24-_jpg.rf.ae394e476dbc40717dbabc5e34d23b8b.jpg,0,0,1,0,1,0
aug_0_2973_jpeg_jpg.rf.7b2cf8b65ae78d01cbb67bffec666c02.jpg,0,0,1,0,0,0
225285168_549389086105304_2027840201124893596_n_jpg.rf.d3b5b97cc1d910fee402f340d87cee57.jpg,0,0,0,0,0,1
1000010669_x16_jpg.rf.43089f0000c7003e4eed1b8c469cfc51.jpg,0,0,0,0,0,1
1000010724_x16_jpg.rf.cf451ada4549ace75d85f9394be26d8a.jpg,0,0,0,0,0,1
jamur39_jpeg_jpg.rf.4c0427a392d146bf88353a40f3f20d3e.jpg,0,0,0,1,0,0
2024-05-13-132153_3_jpg.rf.09b16900e634331d9fa6d1f7fc5e33ef.jpg,1,0,0,0,0,0
aug_0_8484_jpeg_jpg.rf.a535a4413b4d5c2aa17c265d734b3ce9.jpg,0,0,1,0,0,0
1000011952_x4_jpg.rf.609e08fe0596d090fd539344f42393a6.jpg,0,0,0,0,0,1
aug_0_3596_jpeg_jpg.rf.048d9cadeac426ede3feb6fa1fb1c0d7.jpg,0,0,1,0,0,0
jamur72_jpeg_jpg.rf.974758bb850baadc2578ee950b57b8a4.jpg,0,0,0,1,0,0
aug_0_1060_jpeg_jpg.rf.e7b35ab1f9cf7449a7c742f9a92b0ea5.jpg,0,0,0,0,0,1
1t_png_jpg.rf.8d01011583740c29a2333f607d531150.jpg,0,0,0,0,1,0
j57_jpeg_jpg.rf.b34f97e35bacfa7b8f3c4edc6d3341f4.jpg,0,0,0,1,0,0
aug3_jpg.rf.57f78f30959159a82faac5fa58005c04.jpg,0,1,0,0,0,0
aug_0_3250_jpeg_jpg.rf.e2847811eb67d8ad5ee010c94c0ab2dd.jpg,0,0,0,0,0,1
1000010518_x4_jpg.rf.de88455a40a4ceac846773d4926b651d.jpg,0,1,0,0,0,0
j42_jpeg_jpg.rf.eae5a7bb473bf227e3a8ac5a698e6288.jpg,0,0,0,1,0,0
j51_jpeg_jpg.rf.ab3f2b41d2d46e7321244a59a20e4c26.jpg,0,0,0,1,0,0
jamur38_jpeg_jpg.rf.76994f868487c274f9e76a796c2ce918.jpg,0,0,0,1,0,0
2024-05-13-132731_3_jpg.rf.12d0facc2840672281235357501f17ed.jpg,1,0,0,0,0,0
36p_png_jpg.rf.e590706f5a742db9c6e6dc52af59dfe9.jpg,0,0,0,0,1,0
1000010498_x16_jpg.rf.4c0548902d0efc6b35dc2ea781786849.jpg,0,0,0,0,1,0
2024-05-13-132935_2_jpg.rf.a10652ead36ed0387a0090be615fba1a.jpg,1,0,0,0,0,0
1DD20D9E-7AB9-487A-B43A-7E959076A845_jpeg_jpg.rf.0f9a9aed595791b804a0c5fdc9408d9b.jpg,0,0,0,0,1,0
2024-05-13-133332_2_jpg.rf.0511f47b9c49346519d4be9956f550e2.jpg,1,0,0,0,0,0
1000010728_x16_jpg.rf.13b8d53fad4dec31496592b77d4da8d4.jpg,0,1,0,0,0,0
jamur61_jpeg_jpg.rf.f2a9835a271cbb2fb86b5b45cd14ffb6.jpg,0,0,0,1,0,0
3s_png_jpg.rf.b99fd60cbc3cdb8b667e2010a6c18493.jpg,0,0,0,0,1,0
2024-05-13-132400_2_jpg.rf.8e901bf8249d8be33b0190285cd2820d.jpg,1,0,0,0,0,0
36q_png_jpg.rf.c163ecdc1d8a72c19c46c20e68ee7e3b.jpg,0,0,0,0,1,0
waj19_jpeg_jpg.rf.81ebe3e3d1b5bff735e8f231d4127f9e.jpg,0,0,0,1,0,0
aug_0_8985_jpeg_jpg.rf.ce19348540bfb7020811cb5dd78de0c4.jpg,0,0,1,0,0,0
aug1_jpeg_jpg.rf.2d7a5611a587f3348310559eb028953b.jpg,0,1,0,0,0,0
12_png_jpg.rf.85f7e54252a6df7287dc5dc6bb15003d.jpg,0,0,0,0,0,1
2024-05-13-132545_2_jpg.rf.4b9e1f673dec8def5140c819c2e7cbd6.jpg,1,0,0,0,0,0
aug_0_8393_jpeg_jpg.rf.bc146c9f84ec8883fc28fc8fc198bb3d.jpg,0,1,0,0,0,0
jamur79_jpeg_jpg.rf.cebe2a6eac92bc3a843e61abf17aa28e.jpg,0,0,0,1,0,0
jamur59_jpeg_jpg.rf.17f44a22b65ec854dca37467a4d5dfd4.jpg,0,0,0,1,0,0
aug_0_234_jpeg_jpg.rf.c57e9b65fd1a57d13efeba91f57eb6ad.jpg,0,0,1,0,0,0
2024-05-13-132153_4_jpg.rf.8be058b5aa920258c60b3d4a0e19c812.jpg,1,0,0,0,0,0
aug_0_6889_jpeg_jpg.rf.3b3b7fb497a217b4baef5ff8a9da6647.jpg,0,1,0,0,0,0
jamur90_jpeg_jpg.rf.db94850531a8ef34067cf2014d669596.jpg,0,0,0,1,0,0
10_png_jpg.rf.42b074ee0e9e42a12fc99b798a315184.jpg,0,0,0,0,0,1
28_png_jpg.rf.e79455ead2688661704e2dd8e1accbea.jpg,0,0,0,0,0,1
aug_0_6085_jpeg_jpg.rf.69a3929d20965f8db0dd8c3b59540757.jpg,0,0,0,0,0,1
jamur30_jpeg_jpg.rf.334a06ece2e796405834a86ab59ab29d.jpg,0,0,0,1,0,0
aug_0_3041_jpeg_jpg.rf.918a116d32b7416497172a773c0439f3.jpg,0,0,0,0,0,1
2024-05-13-132153_1_jpg.rf.d1072bf6df36317cc726999bc5e9ae29.jpg,1,0,0,0,0,0
j33_jpeg_jpg.rf.f0055db7f8cb14dc637c860635f76371.jpg,0,0,0,1,0,0
2024-05-13-134258_3_jpg.rf.4ff89d2671469a1a44966ddf2b375b5a.jpg,1,0,0,0,0,0
2024-05-13-134130_4_jpg.rf.26672c5a63046d3d75247bd910b7f0fa.jpg,1,0,0,0,0,0
1000010629_x4_jpg.rf.9742df0e271a5742522877bd23c69c29.jpg,0,0,0,0,0,1
2024-05-13-132545_2_jpg.rf.d66e9742663d4db055f5348adce7c606.jpg,1,0,0,0,0,0
aug_0_3390_jpeg_jpg.rf.7e0945af3c5423ceaa01ef5322e21e3a.jpg,0,1,0,0,0,0
aug_0_6721_jpeg_jpg.rf.a5d95b77ee29cb72c6d81a536fbb18d1.jpg,0,0,1,0,0,0
j41_jpeg_jpg.rf.3ad22fa450bdf5e7bdbccb22aae2cbdb.jpg,0,0,0,1,0,0
aug_0_4851_jpeg_jpg.rf.e01d4fab155ed5ef5b05ab25dbd5cf00.jpg,0,0,1,0,0,0
aug5_jpg.rf.d0d31bf5b1f51f324c76efa1648ede8d.jpg,0,1,0,0,0,0
jamur94_jpeg_jpg.rf.2b3d39ee237bd67345ed62e9a5dd0ab0.jpg,0,0,0,1,0,0
aug_0_297_jpeg_jpg.rf.742de16930b2f4bd489b8a36568b6446.jpg,0,0,0,0,0,1
1000010775_x16_jpg.rf.c5761d999222ac435a84e5fdfa85530a.jpg,0,0,0,0,0,1
1000010618_x4_jpg.rf.6015ed9ddc2f5d5c1bd2950d75d22d97.jpg,0,0,0,0,0,1
23_png_jpg.rf.20a35bc949435f420c1d6d2894c79c9e.jpg,0,0,0,0,0,1
aug_0_7762_jpeg_jpg.rf.30efb252d522304c5ac25a767f48129d.jpg,0,0,1,0,0,0
aug_0_7646_jpeg_jpg.rf.a12d6201a95fb787744366eea69614e2.jpg,0,0,1,0,0,0
1DD20D9E-7AB9-487A-B43A-7E959076A845_jpeg_jpg.rf.792b0faa885fd3bb86453b9c4c2b17c3.jpg,0,0,0,0,1,0
aug_0_2396_jpeg_jpg.rf.a33efdb6c329b8a71e71667f620b5491.jpg,0,0,1,0,0,0
jamur89_jpeg_jpg.rf.915cc4ea1ffb84be878cc1454d4ada35.jpg,0,0,0,1,0,0
1000011976_x4_jpg.rf.14dac37053a14672cd26af06895a9bbc.jpg,0,0,0,0,0,1
jamur94_jpeg_jpg.rf.0b87b1ac6d4eda81eaf6466ad49f3c34.jpg,0,0,0,1,0,0
2024-05-13-131950_1_jpg.rf.7bacaff4153913786352f156d13f815a.jpg,1,0,0,0,0,0
aug_0_5733_jpeg_jpg.rf.881085f407b966891612a88294cd5500.jpg,0,0,0,0,0,1
jamur28_jpeg_jpg.rf.8d4f65efd5e85d46e058e2f40752a362.jpg,0,0,0,1,0,0
36t_png_jpg.rf.98f7665f64a4b5aad1db684cab0b528b.jpg,0,0,0,0,1,0
j53_jpeg_jpg.rf.9bc2672675ac3dc012d5f5a2f186da42.jpg,0,0,0,1,0,0
2024-05-13-132400_4_jpg.rf.d883a4b5007d5c4642707d244097bc61.jpg,1,0,0,0,0,0
143539111_266046041593593_2826120553753353940_n_jpg.rf.80ee7c0bf362e71691c513274d65abaa.jpg,0,1,0,0,0,0
jamur77_jpeg_jpg.rf.9f629788323159f84cf74d5209dc5341.jpg,0,0,0,1,0,0
waj16_jpeg_jpg.rf.41d9a6b9d4f7dd700f3fc641008268dc.jpg,0,0,0,1,0,0
2w_jpg.rf.6871f072af78921441d064de7ff3774d.jpg,0,0,0,0,1,0
435603314_5897309250393327_812604312490127687_n_jpg.rf.bf108ebcdfaa2044eceacafed7c55b50.jpg,0,0,0,0,1,0
aug_0_5031_jpeg_jpg.rf.9892421bbee1888ad458010a6c48263d.jpg,0,0,1,0,0,0
jamur46_jpeg_jpg.rf.da233cc4cd7b2b6e700eee72abd56191.jpg,0,0,0,1,0,0
2024-05-13-131932_1_jpg.rf.95cd36c45f02dc370cd9185835d146d2.jpg,1,0,0,0,0,0
aug_0_5745_jpeg_jpg.rf.c61a65f0d7110d2ece63b443bfb3b657.jpg,0,0,1,0,0,0
2024-05-13-133001_2_jpg.rf.c8b3bdcef1ff415501faa124e842f05b.jpg,1,0,0,0,0,0
1D7E9206-1246-499C-A844-E98236FE38B9_jpeg_jpg.rf.a712f7cb3de4a3ef21f20bb6c23bd7db.jpg,0,0,0,0,1,0
1000010761_x4_jpg.rf.48ae507d25265dac83b0ee1a8bba0d11.jpg,0,1,0,0,0,0
1000010662_x16_jpg.rf.e18b8e3714595188a4ac5c96360d62f7.jpg,0,0,1,0,0,0
aug_0_3636_jpeg_jpg.rf.3e4f532725b118238ec524b0b44a6339.jpg,0,0,1,0,0,0
2024-05-13-134153_3_jpg.rf.2e0de8c6f8885be8baab96cb57805005.jpg,1,0,0,0,0,0
36_PNG_jpg.rf.ff3cf1465eeb8fa053332d458c1de53d.jpg,0,0,0,0,1,0
aug_0_3663_jpeg_jpg.rf.485c807658f2ff95e7775f7929bf13d0.jpg,0,0,1,0,0,0
1000010530_x16_jpg.rf.4ed7ae4535dbb459298cc614cf995ee6.jpg,0,0,0,0,0,1
32qy_png_jpg.rf.f77463ad4e0a9cf496ef1fe924412180.jpg,0,0,0,0,1,0
aug_0_2001_jpeg_jpg.rf.3e1b9058decf531cc738a5e52e255f72.jpg,0,1,0,0,0,0
2024-05-13-133205_3_jpg.rf.4cc078b148c304a89f7376a2e7352a00.jpg,1,0,0,0,0,0
2024-05-13-133205_1_jpg.rf.0c90b9e7d5f8f4e8a8f48973145513ac.jpg,1,0,0,0,0,0
1000010549_x16_jpg.rf.db3d136a52d0fb4131b458286ca125d9.jpg,0,1,0,0,0,0
217702707_549389272771952_6096969687785169247_n_jpg.rf.f7b8a4112bc6a4294552f24b82562901.jpg,0,1,0,0,0,0
1000010648_x16_jpg.rf.3cd9cba61b6f26411aa1d4532309def3.jpg,0,1,0,0,0,0
aug_0_1699_jpeg_jpg.rf.50f535b86b4644b175c7c421603856d4.jpg,0,0,0,0,0,1
jamur23_jpeg_jpg.rf.05682bb97830a0ccd512fe126bba6d02.jpg,0,0,0,1,0,0
1000010560_x16_jpg.rf.3674c3c6a32bb981af2fecf9defd353d.jpg,0,0,0,0,0,1
2024-05-13-132153_3_jpg.rf.81ed6e01c38683c60a357d2ab62be850.jpg,1,0,0,0,0,0
340935545_1564725817350843_3975094440924812534_n_jpg.rf.fe00f4107546176093c642a1a50b3060.jpg,0,0,0,0,0,1
1000010604_x4_jpg.rf.7dbb5a0b1704a800d0a68d0ac609a0bd.jpg,0,0,0,0,0,1
435650633_3861504260748951_6666466989484237884_n-1-_jpg.rf.1bd39060b9cea413b0c389b2ab76586a.jpg,0,0,0,0,1,0
jamur33_jpeg_jpg.rf.2530f449f5296301d59328faac0980de.jpg,0,0,0,1,0,0
2009-2652-Yegar-M-Canis-Cafhwas_jpg.rf.7a3169cecfc8fc4229807e6ca082cdcf.jpg,0,0,0,0,1,0
aug_0_7473_jpeg_jpg.rf.4f2bea77dd8f5970be12d1d3eebd57c8.jpg,0,0,1,0,0,0
jamur64_jpeg_jpg.rf.981ef86995e049b958647b1a91703ede.jpg,0,0,0,1,0,0
1000010548_x16_jpg.rf.3f4a1bf3790e8f726b92acb64b7da785.jpg,0,0,0,0,0,1
2009-2652-Yegar-M-Canis-Cafhwas_jpg.rf.a30966fe103d6b65fdf252a6a6ac4aea.jpg,0,0,0,0,1,0
jamur96_jpeg_jpg.rf.1379d7cb48828cb1461d117b945221e1.jpg,0,0,0,1,0,0
jamur89_jpeg_jpg.rf.0153fed8ec9545c84103af502f6347a3.jpg,0,0,0,1,0,0
27_png_jpg.rf.d684e6d274ee2049041c59bc2137c205.jpg,0,0,0,0,0,1
jamur69_jpeg_jpg.rf.028138acbd18d28046abd3d8792d1d99.jpg,0,0,0,1,0,0
aug_0_5750_jpeg_jpg.rf.a273294c96c019103288cb6cfa14422c.jpg,0,0,1,0,0,0
aug_0_5453_jpeg_jpg.rf.a162ec00e541328a66f8f1dede5232d3.jpg,0,0,1,0,0,0
aug_0_4988_jpeg_jpg.rf.9019e9cd897ea697dccc5247e826e28f.jpg,0,0,0,0,0,1
2024-05-13-132731_3_jpg.rf.4631cc2baa55bda509b4f4d33dfefa60.jpg,1,0,0,0,0,0
2024-05-13-133135_2_jpg.rf.29bf585fbc438d248a3f8f0b8c721ee9.jpg,1,0,0,0,0,0
aug_0_3241_jpeg_jpg.rf.12f74c27751a20643e4ecbd9f663a0b7.jpg,0,0,1,0,0,0
2024-05-13-132647_1_jpg.rf.4ad78b32ee59d0e768d5412feaa74ac5.jpg,1,0,0,0,0,0
17_png_jpg.rf.4338758b9a8521d71d66ef1417aa427e.jpg,0,0,0,0,0,1
jamur9_jpeg_jpg.rf.cc91129f38db7389a85fc05acaedef4a.jpg,0,0,0,1,0,0
aug5_jpg.rf.77a822fc2bfd7c6f4eb772b62ef7c30e.jpg,0,1,0,0,0,0
2024-05-13-132545_1_jpg.rf.2665e223c01f590da5bdce412153caf0.jpg,1,0,0,0,0,0
2024-05-13-134258_3_jpg.rf.d33d4e9c8ad4e76efffc99a37f2913fd.jpg,1,0,0,0,0,0
0C55F3D4-F15E-4A8B-B193-5E640F5864EA_jpeg_jpg.rf.548f49391fea7ed816a1597cca1f69cd.jpg,0,0,0,0,1,0
1000010642_x16_jpg.rf.b54d0503cd771a87cc3d4c7afdf7776f.jpg,0,0,0,0,1,0
222BC4FA-5824-401D-A313-763E6AB3CCEE_jpeg_jpg.rf.b18977c27eca53fb3ab00c103f9202e4.jpg,0,0,0,0,1,0
waj19_jpeg_jpg.rf.1cb4d426ab0bbebe5c77a3ae74920aa7.jpg,0,0,0,1,0,0
11F9F0A2-A148-448D-A203-29D5172E7D59_jpeg_jpg.rf.c8bc11940bde188f15fec379bc2c1b23.jpg,0,0,0,0,1,0
aug_0_7047_jpeg_jpg.rf.692fb8e0ef99d854348370255c2eede2.jpg,0,1,0,0,0,0
aug_0_1411_jpeg_jpg.rf.b4da5d647b4065a21497dbb9ec41eaeb.jpg,0,1,0,0,0,0
aug3_jpg.rf.3577427ae79c9b168f108288901b7a3f.jpg,0,1,0,0,0,0
2024-05-13-133205_1_jpg.rf.dc92b252472e03ea82a5cf8e1731dec3.jpg,1,0,0,0,0,0
jamur78_jpeg_jpg.rf.f968b58e75261c38179f8a8c25b4c93b.jpg,0,0,0,1,0,0
1a_png_jpg.rf.b2a729789539955e728c70193930215d.jpg,0,0,0,0,1,0
aug_0_4988_jpeg_jpg.rf.bde9f206def85e32b86dde2b4ebaf517.jpg,0,0,0,0,0,1
2024-05-13-133205_2_jpg.rf.557b663e210a4c2a3693fb1782bd7def.jpg,1,0,0,0,0,0
aug_0_4985_jpeg_jpg.rf.9fc413e2799647a366659c72868f2524.jpg,0,0,1,0,0,0
2024-05-13-132545_4_jpg.rf.8b21f5cfd38d4c773cbad58f438fe83c.jpg,1,0,0,0,0,0
aug_0_2430_jpeg_jpg.rf.cdf2333ed822e5835895c66d563642f4.jpg,0,0,0,0,0,1
2024-05-13-133056_1_jpg.rf.adf370029c6e0985f982049c55418b48.jpg,1,0,0,0,0,0
2024-05-13-133135_1_jpg.rf.c1d31fe1a11a862c387aa8981b43c3aa.jpg,1,0,0,0,0,0
357377596_6687636537926845_196811127851933343_n_jpg.rf.17e930d7f94e0989820d53bc14fbf673.jpg,0,0,0,0,0,1
2024-05-13-134023_4_jpg.rf.85ef77d14f8f24ab4ffaee3d15f73873.jpg,1,0,0,0,0,0
2024-05-13-133853_2_jpg.rf.a3f77b1d9597ef16404e6898ab710d46.jpg,1,0,0,0,0,0
j43_jpeg_jpg.rf.07e77ad3c175d9e44c76906f773e66f8.jpg,0,0,0,1,0,0
435528684_875025924383515_4474230738332666593_n_jpg.rf.6fff62d39f857d03e76e5fb1717aee41.jpg,0,0,0,0,1,0
36q_png_jpg.rf.8fe97b4f015936f8ca3f3d76cb4f5fb7.jpg,0,0,0,0,1,0
aug_0_6406_jpeg_jpg.rf.48dac86df497e6b9a26697adb87715e3.jpg,0,0,0,0,0,1
37y_png_jpg.rf.23c915ba291cabf80b32dde90a6bdf5a.jpg,0,0,0,0,1,0
jamur42_jpeg_jpg.rf.2e34560786c09f88e1e2f4a2d4f284fe.jpg,0,0,0,1,0,0
aug_0_5065_jpeg_jpg.rf.fadad8c377230974d5823017e0c11f1d.jpg,0,0,0,0,0,1
aug_0_6407_jpeg_jpg.rf.8aa10a6174bfee89469bb77d7a36ae36.jpg,0,1,0,0,0,0
2024-05-13-133035_4_jpg.rf.b134a266a724308b56008df4c34c19ee.jpg,1,0,0,0,0,0
2024-05-13-133135_2_jpg.rf.a78c8498e9c1302b71cf863f480f8b1e.jpg,1,0,0,0,0,0
aug_0_3832_jpeg_jpg.rf.ebab24739d7680eb1b50eebaadd99f59.jpg,0,0,1,0,0,0
aug_0_9247_jpeg_jpg.rf.6d6f9a3e1efff73c55beb55fbbb48f5f.jpg,0,0,1,0,0,0
24_png_jpg.rf.af3b681782e82d80175b1bf90012fc06.jpg,0,0,0,0,0,1
aug_0_4997_jpeg_jpg.rf.c289ec52781c1779ca669297464bbae8.jpg,0,0,1,0,0,0
2w_jpg.rf.435edde43867410db899b62030b4e7f3.jpg,0,0,0,0,1,0
aug_0_6406_jpeg_jpg.rf.a41188ead77382999fc2da3347a7ec87.jpg,0,0,0,0,0,1
aug_0_1802_jpeg_jpg.rf.944d12131bededa82ae97b512eb290e6.jpg,0,0,1,0,0,0
aug_0_2048_jpeg_jpg.rf.28489e495a7f96aceb18da4b061025c9.jpg,0,0,1,0,0,0
436627664_402183386034908_3493737909200169023_n_jpg.rf.1cd35b4bb50028215f8c8ac27eac3563.jpg,0,0,0,0,1,0
aug_0_8577_jpeg_jpg.rf.949f5f6bc7e498032cbfc69416d74476.jpg,0,0,1,0,0,0
1000010580_x4_jpg.rf.4dd059c8e086c20e513c4f6ecc9ccfa3.jpg,0,1,0,0,0,0
aug_0_4851_jpeg_jpg.rf.43f39629fb033dd82ec81f2c5179dd53.jpg,0,0,1,0,0,0
waj18_jpeg_jpg.rf.bf5365166ae1e0ac6c9caf8c4639e952.jpg,0,0,0,1,0,0
aug_0_5348_jpeg_jpg.rf.9e58026c4fc978c3afb2c2472c9d0759.jpg,0,1,0,0,0,0
aug_0_3321_jpeg_jpg.rf.6d9a0ad0d6b7ef3ab14942c1cd0b9504.jpg,0,1,0,0,0,0
2024-05-13-133458_4_jpg.rf.9ec1eb6b0b2bd0da4bd5e8a8d43bde4a.jpg,1,0,0,0,0,0
2u_jpg.rf.8f0be127a28528255a672b7144496b96.jpg,0,0,0,0,1,0
1000010767_x16_jpg.rf.94489b92b801cd2c616a7bd0f4015cf6.jpg,0,0,0,0,0,1
36y_png_jpg.rf.09ec44505e4a14efb14bf48d8504adab.jpg,0,0,0,0,1,0
9_png_jpg.rf.e3e05069a8a3db1a2e7c4d67844dc849.jpg,0,0,0,0,0,1
A9uzGiVCIAAUFC2_jpg.rf.927ce895b5492ee04795187c1f796f24.jpg,0,0,0,0,0,1
1000010535_x16_jpg.rf.3cee2630d069f4d6079f4cb23e5de3bf.jpg,0,0,1,0,0,0
aug_0_2039_jpeg_jpg.rf.3f54a732121a92bf6315b8d5e63ad4f8.jpg,0,0,1,0,0,0
jamur85_jpeg_jpg.rf.3c52c23da3e1f30e1155abd87204df5f.jpg,0,0,0,1,0,0
2024-05-13-132627_1_jpg.rf.66defea4ed5a4b6817829b2892ee85b2.jpg,1,0,0,0,0,0
36r_png_jpg.rf.7a2ff0c45957d6ea925f649f16c89cc8.jpg,0,0,0,0,1,0
17098133_1754326824882500_5988218486462016487_o_jpg.rf.bc99122b6a4266e38c65fbf3a299ff4c.jpg,0,0,0,0,0,1
1000010586_x4_jpg.rf.31b092c1f8b325b12e11486353241de7.jpg,0,1,0,0,0,0
aug_0_2681_jpeg_jpg.rf.cee82714fdca894db383f47888112a72.jpg,0,0,0,0,0,1
37_PNG_jpg.rf.56520735f7d3f0298ca4edc1ea731c7a.jpg,0,0,0,0,1,0
436638693_826239035984778_764987017093970170_n_jpg.rf.bd87a4942ecf10b6c45c311a35288f46.jpg,0,0,0,0,1,0
jamur71_jpeg_jpg.rf.62cc43e223f8c6f28158238fc5744a28.jpg,0,0,0,1,0,0
aug_0_8679_jpeg_jpg.rf.fc4a3e0238d6de167fb58d57e3f4a87d.jpg,0,0,1,0,0,0
2024-05-13-132627_4_jpg.rf.a3c23d1bf5f5c32474dbcd069c0a9ca9.jpg,1,0,0,0,0,0
jamur76_jpeg_jpg.rf.b7d0b33da28d180b4b6f415e5d79cec6.jpg,0,0,0,1,0,0
j30_jpeg_jpg.rf.a907abfd195a567daaf69d2849a4ae16.jpg,0,0,0,1,0,0
aug_0_7695_jpeg_jpg.rf.77dd61c0351f546876b53be189c2f1cb.jpg,0,0,1,0,0,0
aug_0_1026_jpeg_jpg.rf.6e85b46fe6e103fe7f5593b155b4acff.jpg,0,0,0,0,0,1
2024-05-13-134130_1_jpg.rf.70d9d757299a95c017f9b012a74e0888.jpg,1,0,0,0,0,0
2024-05-13-134130_2_jpg.rf.af66fc96e8c0eceac9b59b4855b61d07.jpg,1,0,0,0,0,0
1000010518_x4_jpg.rf.f3d23735f6f7454d6023797b4315472d.jpg,0,1,0,0,0,0
2024-05-13-132153_2_jpg.rf.4e05f8483e8a56dfee6132d82eaed894.jpg,1,0,0,0,0,0
j32_jpeg_jpg.rf.9d9ee427883469b0108a3ecc5342c9f0.jpg,0,0,0,1,0,0
waj20_jpeg_jpg.rf.78fa743d413cdd6002eb585b721f02f9.jpg,0,0,0,1,0,0
jamur83_jpeg_jpg.rf.e4244be8b0f337a69050cfc6f81687b1.jpg,0,0,0,1,0,0
jamur49_jpeg_jpg.rf.2db23dddb95ce5243b73d60472bf1c96.jpg,0,0,0,1,0,0
1000010532_x16_jpg.rf.53cebfb03b7ba234ebd93fd512e0faba.jpg,0,0,1,0,0,0
2024-05-13-133458_4_jpg.rf.d721163248657ed5668e2c38862838a1.jpg,1,0,0,0,0,0
2024-05-13-132807_1_jpg.rf.a00d4ff8dff4a19bdfb597a14062c227.jpg,1,0,0,0,0,0
flea_allergy-13-_jpg.rf.2af7dd67799c9566b4c0832bdf923f88.jpg,0,0,1,0,0,0
2024-05-13-132935_1_jpg.rf.30a9241e5d436217a47c6c14bd6c21ec.jpg,1,0,0,0,0,0
2024-05-13-132508_1_jpg.rf.f209ee50b5148a0e54b58e2e871cc9f2.jpg,1,0,0,0,0,0
aug_0_167_jpeg_jpg.rf.ff9118f1ec4f8ce6b976bd9f8279baa0.jpg,0,0,0,0,0,1
17098133_1754326824882500_5988218486462016487_o_jpg.rf.59da948bd5e843b44c82340b4bfc954b.jpg,0,0,0,0,0,1
jamur75_jpeg_jpg.rf.917e20c85841e4e469a977d72409ae83.jpg,0,0,0,1,0,0
32qw_png_jpg.rf.e157b2b7d738ed6c3039f9b4e93df66a.jpg,0,0,0,0,1,0
1y_png_jpg.rf.36bc76e1666f0fc892a702a6b1f4e2d3.jpg,0,0,0,0,1,0
jamur36_jpeg_jpg.rf.4bcba26e17332fff898860f37cfd5c29.jpg,0,0,0,1,0,0
2024-05-13-134153_3_jpg.rf.a75635e43e8c0283e7998ec10f7efa25.jpg,1,0,0,0,0,0
1000010744_x16_jpg.rf.2f1dd853ee4f98e45a1e32969a57265f.jpg,0,0,1,0,0,0
aug_0_6751_jpeg_jpg.rf.37114f0b690235c45efe6d1158712ba4.jpg,0,1,0,0,0,0
1DD20D9E-7AB9-487A-B43A-7E959076A845_jpeg_jpg.rf.e70080b8b35940c55195edba6adf7467.jpg,0,0,0,0,1,0
aug_0_3063_jpeg_jpg.rf.b23fd3ad6776ec4ed2dc5327affa4d29.jpg,0,0,0,0,0,1
aug_0_6862_jpeg_jpg.rf.6d801e69b7d32c68cea663c982b9216f.jpg,0,0,1,0,0,0
aug_0_4602_jpeg_jpg.rf.ab2b5cc45b11ae3ebc0094968bff1c5e.jpg,0,0,1,0,0,0
1000010770_x4_jpg.rf.1392a278a68211ed4c9f52e13436c7c2.jpg,0,1,0,0,0,0
1000010693_x16_jpg.rf.42f0c085fda2d193fd6a7630a768729d.jpg,0,1,0,0,0,0
aug_0_5271_jpeg_jpg.rf.f89a700f0be5075657b1ef053149b9c9.jpg,0,1,0,0,0,0
436636046_360111827071591_750719804675544335_n_jpg.rf.e4b427e102d658496aaf8637ffc67c3a.jpg,0,0,0,0,1,0
23_png_jpg.rf.966f9c9164c4ecd4f80f32ab19818eba.jpg,0,0,0,0,0,1
2024-05-13-133458_1_jpg.rf.8627185a65d679e691e1427101b8d937.jpg,1,0,0,0,0,0
aug_0_3637_jpeg_jpg.rf.587f2792f509d42584985917f87b5436.jpg,0,0,1,0,0,0
64273431_2293314670920876_8293030331825520640_n_jpg.rf.d8d7e594a112e5e90f0548ea3deaece6.jpg,0,0,1,0,0,0
aug_0_7804_jpeg_jpg.rf.9dc3fe17856311be36c620953d31c45f.jpg,0,1,0,0,0,0
jamur93_jpeg_jpg.rf.a52f6e698d71213a41f8de584cf63da8.jpg,0,0,0,1,0,0
aug_0_1435_jpeg_jpg.rf.dc2e8f0afd7ecc6ff998dce008117b33.jpg,0,1,0,0,0,0
2024-05-13-132545_2_jpg.rf.3d4e9fb63c19cc423f69574e30f6238a.jpg,1,0,0,0,0,0
435664928_1153756869147274_8155501997547220077_n_jpg.rf.afffaf970d7dd29a0e695394917ca779.jpg,0,0,0,0,1,0
j24_jpeg_jpg.rf.77e32fceb42c40dedf998d6ed65cb223.jpg,0,0,0,1,0,0
2024-05-13-132807_1_jpg.rf.2c0ec768bb737148481572a6d7e402fe.jpg,1,0,0,0,0,0
aug_0_3553_jpeg_jpg.rf.14a3369d773d2f533c5ab50565d02132.jpg,0,1,0,0,0,0
jamur88_jpeg_jpg.rf.dcf819108b2e6fa46edead2ae068893a.jpg,0,0,0,1,0,0
2024-05-13-134023_1_jpg.rf.e5b59a100ff8e5837b8797f307d5ab4a.jpg,1,0,0,0,0,0
1000010648_x16_jpg.rf.835da93e2231893d3bf445036d793b3a.jpg,0,1,0,0,0,0
aug_0_7175_jpeg_jpg.rf.00483b221dcf017a4c55f568e1d1a2bc.jpg,0,1,0,0,0,0
flea_allergy-23-_jpg.rf.57c4dcecb103bd16420d9d71e0436991.jpg,0,0,1,0,0,0
1000010621_x4_jpg.rf.243a6896962db11efeead456ebaf8110.jpg,0,0,0,0,0,1
aug_0_4326_jpeg_jpg.rf.b92154ccd357170208d27628a9516eae.jpg,0,0,0,0,0,1
278372566_1115287789314455_1249966033354804477_n_jpg.rf.da4e2a313c7a95639dde2ff96512b8cc.jpg,0,0,0,0,1,0
j50_jpeg_jpg.rf.c7c625529357cdfb9869f24a9c55d1c5.jpg,0,0,0,1,0,0
2024-05-13-133056_3_jpg.rf.c56ac16bd41608ee855a256dc7e7afce.jpg,1,0,0,0,0,0
aug_0_2566_jpeg_jpg.rf.f904f2e09d3321cbac45820cfb0f1264.jpg,0,1,0,0,0,0
j38_jpeg_jpg.rf.775fe2a03de4dbbad41299b9070f37cc.jpg,0,0,0,1,0,0
2024-05-13-132428_3_jpg.rf.03de3dee8c1a385ceb96faf434a4fb5c.jpg,1,0,0,0,0,0
2024-05-13-133920_2_jpg.rf.a0cd4397dc01032257d495b6680476dc.jpg,1,0,0,0,0,0
2024-05-13-133458_4_jpg.rf.4f1724789b1aa5a6b4f0766d2df08dad.jpg,1,0,0,0,0,0
jamur6_jpeg_jpg.rf.56716e25e1a4db34f78e28206f1cab5c.jpg,0,0,0,1,0,0
2012-04-16_170016_img_2493_jpg.rf.5c38ea30effce5d9ad1b6a849a2a8ab6.jpg,0,0,0,0,0,1
aug_0_5570_jpeg_jpg.rf.45df45aad1d85bf1967808de59b20534.jpg,0,0,0,0,0,1
aug_0_1802_jpeg_jpg.rf.a8aa7a73c35cb829551d55a2141c21b2.jpg,0,0,1,0,0,0
1000010530_x16_jpg.rf.d6d875f942922d77f9e1fa183cbb0966.jpg,0,0,0,0,0,1
jamur87_jpeg_jpg.rf.a500b4626e21f33aa4bbb2e25848aa3d.jpg,0,0,0,1,0,0
2425B7B6-2AC0-4A8A-BF84-A6DDC2D8EB45_jpeg_jpg.rf.6807de5e0ca46b5684ac1e7850d6e6f1.jpg,0,0,0,0,1,0
1000011978_x4_jpg.rf.8ca099d92439d5b9ee2cd59f4fe74406.jpg,0,1,0,0,0,0
jamur18_jpeg_jpg.rf.173e9f015bd1b9c843df86817b7c8c56.jpg,0,0,0,1,0,0
1000010782_x16_jpg.rf.fdbeb9f1ee6d8d584d709f8fb77e1524.jpg,0,0,0,0,0,1
2024-05-13-134023_4_jpg.rf.4b2134ffafb62fee37482323a5ea5797.jpg,1,0,0,0,0,0
31_png_jpg.rf.4d1e7d5816f2cd078ff36e5363fabfea.jpg,0,0,0,0,0,1
13_png_jpg.rf.3bc6fb238ad177910eaf404a5b3040dc.jpg,0,0,0,0,0,1
jamur54_jpeg_jpg.rf.e83d2447cdc32c3a9c28e07dfbb9db41.jpg,0,0,0,1,0,0
jamur16_jpeg_jpg.rf.4f6a71c2a37adc71ea65f091799b829d.jpg,0,0,0,1,0,0
aug_0_8576_jpeg_jpg.rf.58f1ba993fec521f1ec09d10a804e832.jpg,0,1,0,0,0,0
1000010759_x16_jpg.rf.ff78f88c37593a8807fe0c25b6182a9e.jpg,0,1,0,0,0,0
aug_0_1856_jpeg_jpg.rf.49161405228287b0a8f9ad197c3c55e3.jpg,0,1,0,0,0,0
aug_0_8917_jpeg_jpg.rf.10dae4c41c30ed8a59c8e6447e5ecd74.jpg,0,1,0,0,0,0
37_PNG_jpg.rf.e562853e684fd2ef1d7d1dc190df506c.jpg,0,0,0,0,1,0
aug_0_8538_jpeg_jpg.rf.d8333c55e6846c86663c71a4d0a879f8.jpg,0,0,1,0,0,0
2425B7B6-2AC0-4A8A-BF84-A6DDC2D8EB45_jpeg_jpg.rf.fab5e2d99becfa4759c0d08386397b0d.jpg,0,0,0,0,1,0
36r_png_jpg.rf.fdd9f09f0ccd3848f1815a06b713186c.jpg,0,0,0,0,1,0
2024-05-13-134316_4_jpg.rf.de644fae9844278dc23c3f9f7ccd7798.jpg,1,0,0,0,0,0
waj4_jpeg_jpg.rf.505e97de06e7bc346e99253ae90bbd89.jpg,0,0,0,1,0,0
1000010696_x4_jpg.rf.aae33a43c9f1a169c9062f7c1978841b.jpg,0,0,0,0,1,1
2024-05-13-132807_1_jpg.rf.1d8007cc37a57c42631e94f93b97e0b8.jpg,1,0,0,0,0,0
1000010777_x4_jpg.rf.349a21669f637bee0475b69b4b189101.jpg,0,0,0,0,0,1
208280465_5954987487874609_5454884803927939563_n_jpg.rf.e4d5db519c91aa28ffb38db00d55605c.jpg,0,0,0,0,0,1
22_png_jpg.rf.aeab43ae31d1ac70cbbc9fa31a2db3f8.jpg,0,0,0,0,0,1
aug_0_7050_jpeg_jpg.rf.e50b66a4d4baf628fbe006c24269d01b.jpg,0,1,0,0,0,0
2024-05-13-133458_4_jpg.rf.dba3ae64c250461309e3a89a60c969dd.jpg,1,0,0,0,0,0
64273431_2293314670920876_8293030331825520640_n_jpg.rf.3a3c35f8c708640eecfb412ccd6b08d8.jpg,0,0,1,0,0,0
36u_png_jpg.rf.61db33e19df61d865e1b4bdc052cdf61.jpg,0,0,0,0,1,0
293403473_2859680784177702_648654495805395982_n_jpg.rf.973238463651050eede43efd84fab7a3.jpg,0,0,1,0,0,0
2024-05-13-133920_2_jpg.rf.b2b31e81edffc7db05069c2f5cad6d1e.jpg,1,0,0,0,0,0
1000011975_x4_jpg.rf.2c99f87e110f3282d9650cc43cb8533c.jpg,0,1,0,0,0,0
1000010644_x16_jpg.rf.1789af76d4b31cf1b679b1b4b2bdead4.jpg,0,0,0,0,1,0
aug_0_2755_jpeg_jpg.rf.cc12c82631cf2809a7a49984fd51e6b9.jpg,0,0,1,0,0,0
aug_0_498_jpeg_jpg.rf.db41a52e9b318425ebf80670a64dc213.jpg,0,1,0,0,0,0
aug_0_3852_jpeg_jpg.rf.98a3c929781095f284a642b98f925a55.jpg,0,1,0,0,0,0
32qy_png_jpg.rf.721386924266deecaeff30e99acf1913.jpg,0,0,0,0,1,0
29_png_jpg.rf.978600bb997d31bab382214aeebea131.jpg,0,0,0,0,0,1
j40_jpeg_jpg.rf.b8d0bef78d5083b85aa4417e3e500a16.jpg,0,0,0,1,0,0
jamur54_jpeg_jpg.rf.7ade2619850da90ef05707d1cd515fb2.jpg,0,0,0,1,0,0
435439959_796718765339372_81363436625389167_n_jpg.rf.9c8085a5a362e32d943f5fc917ecf6aa.jpg,0,0,0,0,1,0
2u_jpg.rf.e3e271add94ca688a510d055473af188.jpg,0,0,0,0,1,0
aug_0_8787_jpeg_jpg.rf.c5ee77ddc5565e91394ac4ad3b609cf9.jpg,0,1,0,0,0,0
1000010733_x4_jpg.rf.d873b33bf287a91110ab9898deaae710.jpg,0,1,0,0,0,0
1000010635_x4_jpg.rf.f37bb83933f07b261c6237033d37f15f.jpg,0,0,0,0,0,1
aug_0_58_jpeg_jpg.rf.ba745f510ee255b3a32b07c5b713cb94.jpg,0,1,0,0,0,0
1000010701_x16_jpg.rf.05e94cd103bdca951e863cc30d577a2b.jpg,0,1,0,0,0,0
15_png_jpg.rf.9ee0f1c4eb87dd2cd319f9699d85d69f.jpg,0,0,0,0,0,1
aug_0_3019_jpeg_jpg.rf.ada1a3368a23f51c0773c498d1ca7c95.jpg,0,0,1,0,0,0
2024-05-13-132858_2_jpg.rf.cd6ef8326f2f8c262987231dba043b82.jpg,1,0,0,0,0,0
aug_0_2650_jpeg_jpg.rf.f1e9488294c34b035f18054fef2e0bcd.jpg,0,0,1,0,0,0
aug_0_1250_jpeg_jpg.rf.8485b1d03ab16c4be8ab86752b9599ff.jpg,0,0,0,0,0,1
1000010503_x16_jpg.rf.0ba36581a1c7de31cf16b4ce2d528b45.jpg,0,0,0,0,1,0
aug_0_8033_jpeg_jpg.rf.9d172c015a0c8b42b68fbdbc8363219a.jpg,0,1,0,0,0,0
2024-05-13-132545_2_jpg.rf.9739778b3fa631eecb3f28fb48386df9.jpg,1,0,0,0,0,0
1000010753_x16_jpg.rf.1e376b66eb303b8242b8d5c993ca52eb.jpg,0,1,0,0,0,0
435631993_1298352297739815_6625573697958946773_n_jpg.rf.a587b2846b3bad334e31e04130a4a152.jpg,0,0,0,0,1,0
1000010727_x4_jpg.rf.50de603a20345a6fa20bfc9b01b66cbb.jpg,0,1,0,0,0,0
2024-05-13-132935_2_jpg.rf.caf1f4325390954a41b01fed173a7e1e.jpg,1,0,0,0,0,0
32qy_png_jpg.rf.1584290888d97fd6b8dd35dd4c4846bc.jpg,0,0,0,0,1,0
1000010496_x4_jpg.rf.6d1d8d66ad2cfa363e985a2a1228de28.jpg,0,0,0,0,1,0
2024-05-13-132153_1_jpg.rf.4d9d07e7af9e15f11f59f1968e57c030.jpg,1,0,0,0,0,0
aug_0_3170_jpeg_jpg.rf.ddb9086425d28787d6c9a6dbaf3fb051.jpg,0,0,1,0,0,0
2024-05-13-133920_2_jpg.rf.532c525a400c5b24c563cb6b7967d77e.jpg,1,0,0,0,0,0
1000010644_x16_jpg.rf.07728ffea51b74e0ae99ea419c3b434b.jpg,0,0,0,0,1,0
11F9F0A2-A148-448D-A203-29D5172E7D59_jpeg_jpg.rf.511cd335da37177984034dae1e747b11.jpg,0,0,0,0,1,0
flea_allergy-25-_jpg.rf.24194edf1737a70a5d0cde29b8c18125.jpg,0,0,1,0,0,0
aug_0_2709_jpeg_jpg.rf.939f85b206b47c21d9aad9e700159f14.jpg,0,1,0,0,0,0
aug_0_1920_jpeg_jpg.rf.b8a279e3a628c1212a9ce2184d957022.jpg,0,0,0,0,0,1
1a_png_jpg.rf.057584b91cc6eb77d9609b6e1c1a11ee.jpg,0,0,0,0,1,0
aug_0_5136_jpeg_jpg.rf.6b4a1cc97943e58f8f755a9c2e32db52.jpg,0,0,1,0,0,0
aug_0_5348_jpeg_jpg.rf.d03ff5d230ca942dc7c7ddd5dd256694.jpg,0,1,0,0,0,0
36y_png_jpg.rf.aac48b6735067eba9efeb8ea49bc311f.jpg,0,0,0,0,1,0
flea_allergy-11-_jpg.rf.e90ff9d864c5cfd6b25d0cf70ccc6984.jpg,0,0,1,0,0,0
j38_jpeg_jpg.rf.3e6065e0a6d76bd8daefdcdca967998d.jpg,0,0,0,1,0,0
aug_0_123_jpeg_jpg.rf.eb8eae498704468793c4d564b5619c54.jpg,0,0,0,0,0,1
jamur66_jpeg_jpg.rf.628f214247d892428012aaa39faa2162.jpg,0,0,0,1,0,0
waj13_jpeg_jpg.rf.4037c78a4fdf8888927cd3903cc89680.jpg,0,0,0,1,0,0
1000011974_x4_jpg.rf.6572b09d516040fe503b368492bfa1e1.jpg,0,1,0,0,0,0
j31_jpeg_jpg.rf.d79fed382f2ebcf81aac18008ae7c2f2.jpg,0,0,0,1,0,0
1_PNG_jpg.rf.8e6df65890d53e90c2ad917e9f7eaf03.jpg,0,0,0,0,1,0
43498992-A8BD-47C5-914E-8E67ACEE1704_jpeg_jpg.rf.290dbab1b83281327bda9dc72c0e5a8f.jpg,0,0,0,0,1,0
36t_png_jpg.rf.47ae64be7098abf68a9700e375cd673d.jpg,0,0,0,0,1,0
30_png_jpg.rf.b7d64e39f3a252c84218d054e4b02afc.jpg,0,0,0,0,0,1
37_PNG_jpg.rf.64efa25a5d73f4e1664611f103f78d2a.jpg,0,0,0,0,1,0
340947808_546167834308890_7592465449990658927_n_jpg.rf.a905be23efbe97695cbc10dc5d4193c9.jpg,0,0,1,0,0,0
2024-05-13-134130_1_jpg.rf.441ae8f701775ae200b504bf8fb31b42.jpg,1,0,0,0,0,0
1000010525_x16_jpg.rf.9ad7fcc0dcf6f4bfafdbbbd896e0a2c7.jpg,0,0,1,0,0,0
0C55F3D4-F15E-4A8B-B193-5E640F5864EA_jpeg_jpg.rf.6c15fdbac619f88317fd801c5f1ed0c5.jpg,0,0,0,0,1,0
jaur80_jpeg_jpg.rf.ceb0b93c5f895fadb6a700b3dcc5c32b.jpg,0,0,0,1,0,0
aug_0_5504_jpeg_jpg.rf.79c07fafa8b476aafe7d3dee81824419.jpg,0,0,0,0,0,1
1000010769_x16_jpg.rf.05404b6ac9a0629a1e8820ca560d3d24.jpg,0,1,0,0,0,0
aug_0_354_jpeg_jpg.rf.6467f31c1d7c052165aad469145abe9d.jpg,0,0,1,0,0,0
435603314_5897309250393327_812604312490127687_n_jpg.rf.19a65e6abdc5268e5ed62e6b13d5e5d6.jpg,0,0,0,0,1,0
jamur16_jpeg_jpg.rf.77297523b6a7853231e58c5ac8d33241.jpg,0,0,0,1,0,0
2024-05-13-133620_4_jpg.rf.a47ee6bd1d1609b582f86cc1e1ba647e.jpg,1,0,0,0,0,0
1_PNG_jpg.rf.602e8171f52e2996457c5df293e2741b.jpg,0,0,0,0,1,0
2w_jpg.rf.942a3a6e4d2ea7adceef33b7a813124e.jpg,0,0,0,0,1,0
jamur46_jpeg_jpg.rf.982c0e01dd5812a030a70b8f047acbb9.jpg,0,0,0,1,0,0
2024-05-13-131950_1_jpg.rf.3a5c86600d1a9b5617d772da21b48c2d.jpg,1,0,0,0,0,0
2_jpg.rf.9013087a47ff115abbbee323e7debba5.jpg,0,0,0,0,1,0
1000010577_x4_jpg.rf.12762edfd33c6c7aa3f613c7eca5f416.jpg,0,1,0,0,0,0
2009-2652-Yegar-M-Canis-Cafhw_jpg.rf.aba801d900ff315bc9eb4d70d0deffb9.jpg,0,0,0,0,1,0
2024-05-13-134023_1_jpg.rf.9f83ec355a96a54e6e4f33bde2308533.jpg,1,0,0,0,0,0
1000010628_x4_jpg.rf.ca7ba650abc1ebb04999eba1364c17a2.jpg,0,1,0,0,0,0
1000010755_x4_jpg.rf.a56d8e4b0f5e7c6837febbf3cc4cd8a4.jpg,0,0,1,0,0,0
waj3_jpeg_jpg.rf.6b0391016af1ddef3f52fb05278d8c39.jpg,0,0,0,1,0,0
aug_0_5917_jpeg_jpg.rf.f5424a4e56a4eb31608eccda21e06184.jpg,0,1,0,0,0,0
aug_0_2592_jpeg_jpg.rf.0efeeb29e2f66ddd4b577469bc8aabb0.jpg,0,1,0,0,0,0
1D7E9206-1246-499C-A844-E98236FE38B9_jpeg_jpg.rf.7edb98b9c26df15fa61a0e22a4c81b73.jpg,0,0,0,0,1,0
aug_0_2218_jpeg_jpg.rf.134f135af2a2ab1415c0db339a60ec46.jpg,0,0,0,0,0,1
aug_0_628_jpeg_jpg.rf.90c2b36956618d5668296fa514cde71b.jpg,0,1,0,0,0,0
aug_0_3852_jpeg_jpg.rf.fb6d622c33a827ddaf36cf8c13eb0957.jpg,0,1,0,0,0,0
1D7E9206-1246-499C-A844-E98236FE38B9_jpeg_jpg.rf.fb8969312ed718b43387c65ce3a58344.jpg,0,0,0,0,1,0
aug_0_6036_jpeg_jpg.rf.68a85bb9a6c7a05d0eb8ecae7a8f2180.jpg,0,0,1,0,0,0
23_png_jpg.rf.114517e74d15ea256e3134417d44c10e.jpg,0,0,0,0,0,1
aug_0_4486_jpeg_jpg.rf.2b3464684d808f9610012169ee9ce69e.jpg,0,0,0,0,0,1
aug_0_4406_jpeg_jpg.rf.07769e8652806c5f25455d3c35720dd7.jpg,0,1,0,0,0,0
1000010744_x16_jpg.rf.764df0439e6d719e303d6c365c9f683f.jpg,0,0,1,0,0,0
j26_jpeg_jpg.rf.d142d2ff582c6aec06cf0d01af983eb0.jpg,0,0,0,1,0,0
39D9B981-3C51-4FC5-9F5E-D3C1C6627043_jpeg_jpg.rf.e4a2d177dea8aeae9bc374646a3876e0.jpg,0,0,0,0,1,0
2024-05-13-132428_2_jpg.rf.142d87e44634d7e3f4c39b9376f90ad3.jpg,1,0,0,0,0,0
2024-05-13-133135_2_jpg.rf.f4fd35194f097709024257cd8f58a69d.jpg,1,0,0,0,0,0
1000010538_x16_jpg.rf.5b047e4f261ce3d09cc7eaf5dddea96c.jpg,0,1,0,0,0,0
jamur6_jpeg_jpg.rf.be4358bbb6d24577cdb27e073fe1aae7.jpg,0,0,0,1,0,0
1000010765_x4_jpg.rf.30c51a45aa20d80268cf155330f8202a.jpg,0,1,0,0,0,0
2024-05-13-133135_1_jpg.rf.a2717d15903c32c792210dc9f2f3549e.jpg,1,0,0,0,0,0
37w_png_jpg.rf.3d8e92c2e99f0f86abf8044bcd0451a6.jpg,0,0,0,0,1,0
2024-05-13-132858_4_jpg.rf.7afef4e8e5dd3d55913393805f36edf4.jpg,1,0,0,0,0,0
1w_png_jpg.rf.1daf569ac434e4650e31f1370b55f4de.jpg,0,0,0,0,1,0
flea_allergy-23-_jpg.rf.49f4ee242883a944a3d4c4220188b2b5.jpg,0,0,1,0,0,0
aug_0_3476_jpeg_jpg.rf.2ba1069624559709de12f0689c99fdc5.jpg,0,0,1,0,0,0
flea_allergy-14-_jpg.rf.d2a100ab053d1fbd3a3658ae378c3df5.jpg,0,0,1,0,0,0
j44_jpeg_jpg.rf.dae75ef745bb454edfe3259cbc9a77f1.jpg,0,0,0,1,0,0
aug_0_5912_jpeg_jpg.rf.2fb8a0a2b48e56160eaf8c5ae4eda9b7.jpg,0,0,0,0,0,1
1000010719_x16_jpg.rf.179bc6db68ccf937d32f2762f8c54bc0.jpg,0,0,0,0,1,0
435528684_875025924383515_4474230738332666593_n_jpg.rf.d45332f63f282888d7c08f93250fdf96.jpg,0,0,0,0,1,0
3s_png_jpg.rf.3d8575aaa4dd0dfe53a4d4b48ca5f392.jpg,0,0,0,0,1,0
2w_jpg.rf.cc3957e12bf956dbd1fc39c6146cf8e4.jpg,0,0,0,0,1,0
32qu_png_jpg.rf.b87dcee71a7a0fcc1e91fe13ef18ddfd.jpg,0,0,0,0,1,0
1000010557_x4_jpg.rf.b55f293454ceb895b023b9cdba9015ec.jpg,0,0,0,0,0,1
aug_0_8205_jpeg_jpg.rf.08e0bbb81eda053aeb39d01e7b823ec0.jpg,0,0,1,0,0,0
aug_0_3859_jpeg_jpg.rf.8f3acf4c571dc41dc8d952703d4fbc59.jpg,0,0,0,0,0,1
1000010724_x16_jpg.rf.fc1deda7e1e526cb64fdb0fc5b25bbbb.jpg,0,0,0,0,0,1
1w_png_jpg.rf.623bd04dffccd85a468b60c64cf7b9de.jpg,0,0,0,0,1,0
Cutaneous-skin-lesion-over-the-carpus-in-dog-case-no-1-infected-with-Leishmania-major_jpg.rf.73f50ea6d58ecceeddf768267b5751b9.jpg,0,0,1,0,0,0
2024-05-13-133035_4_jpg.rf.f9b422f49b1efda767a1174e0d345a43.jpg,1,0,0,0,0,0
jamur38_jpeg_jpg.rf.18eaf6df2a687d521131eb6aff9daa21.jpg,0,0,0,1,0,0
waj14_jpeg_jpg.rf.6cb10ee5c8b80ee47f0202c5b5c91048.jpg,0,0,0,1,0,0
2024-05-13-133135_1_jpg.rf.36fbdff4aa6cbc7bc71641e2cd036385.jpg,1,0,0,0,0,0
2024-05-13-131919_jpg.rf.dee3ad789089de9aada9c0174de4ff1b.jpg,1,0,0,0,0,0
aug_0_2218_jpeg_jpg.rf.e432646ef584b986917d357b8006f5f6.jpg,0,0,0,0,0,1
1000010600_x4_jpg.rf.361df7e0a91317870bc5f1dff6e6d4cd.jpg,0,0,1,0,0,0
aug_0_1369_jpeg_jpg.rf.3e8ab7d71a282b5b0f45d5345855d3bb.jpg,0,1,0,0,0,0
flea_allergy-19-_jpg.rf.b526ceb4cba9843055a72ae16458ee7b.jpg,0,0,1,0,0,0
waj4_jpeg_jpg.rf.9767e4954b02672ee3ee88ab2816a9d5.jpg,0,0,0,1,0,0
jamur5_jpeg_jpg.rf.2a2650630e6cb5f231863e5f6aa91c01.jpg,0,0,0,1,0,0
2u_jpg.rf.44e96bfd5a9460a0cc36f3937003ddbe.jpg,0,0,0,0,1,0
aug_0_9445_jpeg_jpg.rf.c6992d32b0496ced4db6239920f7ff4f.jpg,0,0,1,0,0,0
jamur22_jpeg_jpg.rf.766f6a73529d031788635bb79f067e3a.jpg,0,0,0,1,0,0
aug_0_2476_jpeg_jpg.rf.940239316ba5eb99fc0a32ba7052c87f.jpg,0,1,0,0,0,0
12_png_jpg.rf.6a24b7fd202ebcca3b18add95ed9ab67.jpg,0,0,0,0,0,1
2024-05-13-134336_2_jpg.rf.b6bface764f4633e6bd6c1452b3b5dc6.jpg,1,0,0,0,0,0
1000010536_x4_jpg.rf.3787ac7e39227c69fcfcc16ffe45915b.jpg,0,1,0,0,0,0
jamur57_jpeg_jpg.rf.3345cb2aa05f3d363617cd9ce7b7a5f8.jpg,0,0,0,1,0,0
jamur50_jpeg_jpg.rf.0cc6cbc37c8f6531eeaff8538b737747.jpg,0,0,0,1,0,0
aug_0_1271_jpeg_jpg.rf.2a4bf57093102c6c91e5fa95feb66262.jpg,0,0,0,0,0,1
13_png_jpg.rf.5e98f908319e167ae52172d8e65e997b.jpg,0,0,0,0,0,1
aug_0_7089_jpeg_jpg.rf.cf67b0f3f589f12d4f71ea0ebc77964d.jpg,0,0,1,0,0,0
aug_0_7740_jpeg_jpg.rf.af9109495896e191816bdd04567f28a3.jpg,0,1,0,0,0,0
37y_png_jpg.rf.c5c4db303cc90f785ddb9d277c999f92.jpg,0,0,0,0,1,0
jamur24_jpeg_jpg.rf.4f0a9cec552f0091879cd3399d0ba18d.jpg,0,0,0,1,0,0
aug_0_6170_jpeg_jpg.rf.1c3b9cb16d144dace80711e2c94be31f.jpg,0,0,1,0,0,0
13_png_jpg.rf.6a312f42260bd6d1ea3c94f5f7f477a1.jpg,0,0,0,0,0,1
jamur7_jpeg_jpg.rf.75be8b3aebe83d100aa746a181c92f6c.jpg,0,0,0,1,0,0
jamur45_jpeg_jpg.rf.18c8d4d962829881256711cbcd9db915.jpg,0,0,0,1,0,0
aug_0_6938_jpeg_jpg.rf.e5a27cc800d052c14c6ecea091026391.jpg,0,0,1,0,0,0
aug_0_1241_jpeg_jpg.rf.a8fe5831fedc83e0e7476a58f9c8b414.jpg,0,0,0,0,0,1
jamur41_jpeg_jpg.rf.49ba9521d3fbd935feb866bc527ecfe2.jpg,0,0,0,1,0,0
435439959_796718765339372_81363436625389167_n_jpg.rf.b245368700961c7a4e337f5ef55a073a.jpg,0,0,0,0,1,0
2024-05-13-133853_2_jpg.rf.4f6554c62b68b468aa24ecc808c4ff95.jpg,1,0,0,0,0,0
aug_0_5446_jpeg_jpg.rf.1204a712e25dbd7f89487044e16b4ac2.jpg,0,0,1,0,0,0
1000010510_x4_jpg.rf.e994800a660ce31aeec5c4d5021d76fd.jpg,0,0,1,0,0,0
2024-05-13-134005_2_jpg.rf.7fa91a1d5006e30bcabd0101e86a5c2a.jpg,1,0,0,0,0,0
1000010646_x16_jpg.rf.05b1e5056d2b66dcafffa5bc34d31bd7.jpg,0,1,0,0,0,0
2024-05-13-134130_3_jpg.rf.f0e20f5211cd309c72b461f036f3920f.jpg,1,0,0,0,0,0
2024-05-13-132508_1_jpg.rf.5511eae5e948895b7fd1ccc1528f1e61.jpg,1,0,0,0,0,0
jamur12_jpeg_jpg.rf.fa238d9a81fa20eb9cfb1b888f87a4dc.jpg,0,0,0,1,0,0
1000010617_x4_jpg.rf.e560c43c920c3f0d7351ed03388af519.jpg,0,0,1,0,0,0
aug_0_3176_jpeg_jpg.rf.805678d9065d0983ea12695fb790511f.jpg,0,0,1,0,0,0
aug_0_7646_jpeg_jpg.rf.32a53a61c47ce796f072b1bac57bbc4c.jpg,0,0,1,0,0,0
38t_png_jpg.rf.4b3e8eb3fb70f022145e73f3332f7e0a.jpg,0,0,0,0,1,0
1000010534_x16_jpg.rf.64ca48727304ac7d2d9f6b4b8445cfa3.jpg,0,0,0,0,1,0
1000010607_x4_jpg.rf.707d0ea62814b26868c2aada3a86c04b.jpg,0,1,0,0,0,0
2024-05-13-134153_3_jpg.rf.4aa8d78c535405e7308ca4a0c73a5357.jpg,1,0,0,0,0,0
jamur45_jpeg_jpg.rf.447bd1539ddd6484fb0a7c56f0e59522.jpg,0,0,0,1,0,0
1000010614_x4_jpg.rf.50d805bcf55721e33d6f90a500d65566.jpg,0,1,0,0,0,0
j25_jpeg_jpg.rf.09cb4c470aa4fb6609d636d24921a5c7.jpg,0,0,0,1,0,0
1000010731_x16_jpg.rf.1421ba0cd453b5ca5e7b11c21d779795.jpg,0,0,0,0,0,1
jamur63_jpeg_jpg.rf.a97616ea53f10fc9f0149ac8119bea76.jpg,0,0,0,1,0,0
aug_0_522_jpeg_jpg.rf.6c7afb01164436b58a86284c21e7d41b.jpg,0,1,0,0,0,0
1y_png_jpg.rf.c941979d21871096bb27c6252bbe7e25.jpg,0,0,0,0,1,0
2024-05-13-133458_4_jpg.rf.512f4d321fd3bb77f874b261468f0382.jpg,1,0,0,0,0,0
jamur31_jpeg_jpg.rf.c11a1bbe981b95d1d187717949e66c79.jpg,0,0,0,1,0,0
aug_0_1724_jpeg_jpg.rf.21b7a95d84101c59bcb049c1df66b80e.jpg,0,0,1,0,0,0
2024-05-13-133458_3_jpg.rf.e662172b4e7e00b1e9fa0deb41c19b64.jpg,1,0,0,0,0,0
2024-05-13-132400_4_jpg.rf.eaf728d8c9f135fb573b72b9d4785131.jpg,1,0,0,0,0,0
aug_0_5271_jpeg_jpg.rf.32a042bcfbf47c413d4d1bde275685ca.jpg,0,1,0,0,0,0
30884FB6-B7EF-4670-879B-FDA76955106E_jpeg_jpg.rf.8a9dfca867846fd683bb95f097803b01.jpg,0,0,0,0,1,0
1000010626_x4_jpg.rf.d4b358b3976a143e2ac3a7fc1b3634a0.jpg,0,1,0,0,0,0
1000010698_x4_jpg.rf.d8e2b2edf4c54ba555f08c8cb28a978c.jpg,0,0,1,0,0,0
aug_0_2450_jpeg_jpg.rf.cba519ff0a1ed8c05634fa542f409898.jpg,0,0,0,0,0,1
aug_0_5058_jpeg_jpg.rf.26436cfc93d11b6aa4d19960bf161872.jpg,0,0,1,0,0,0
aug_0_5116_jpeg_jpg.rf.f91d6c85196a1a0bb7bc34ac0479fed4.jpg,0,0,0,0,0,1
jamur82_jpeg_jpg.rf.5a2dab611171ba4ade4fe160f8fad1ca.jpg,0,0,0,1,0,0
2024-05-13-133458_1_jpg.rf.fcde983052c594d1f10f61544dd83bb4.jpg,1,0,0,0,0,0
aug_0_2661_jpeg_jpg.rf.80995db3b1b572eda40c4de01d5a80b1.jpg,0,1,0,0,0,0
2024-05-13-133001_2_jpg.rf.4dcf9f924c486c18a428fdc8ff09e96e.jpg,1,0,0,0,0,0
aug_0_4306_jpeg_jpg.rf.6e4c0e1b653775279319b91abaae1c73.jpg,0,0,0,0,0,1
2024-05-13-132807_1_jpg.rf.d4e62216424ab03cb6f3866ea33efe61.jpg,1,0,0,0,0,0
6_png_jpg.rf.6dcca5ba6efb254d36bb9d126abe31da.jpg,0,0,0,0,0,1
1000010614_x4_jpg.rf.779443a1243db25a6a0dcc31775cdee6.jpg,0,1,0,0,0,0
aug_0_3008_jpeg_jpg.rf.db4077dc4ad7f5fdc58d1330f5b83c88.jpg,0,0,1,0,0,0
aug_0_1369_jpeg_jpg.rf.4b006f3a54043d8e3edf1eb13abf5ff9.jpg,0,1,0,0,0,0
Atopic-dermatitis_Dog-chronic-lick-sore-on-leg_DermVets_jpg.rf.98e600d36c937b7ae8c5b80f80b81044.jpg,0,1,0,0,0,0
2024-05-13-133135_3_jpg.rf.86be239721ad805467189f22d358b9a5.jpg,1,0,0,0,0,0
jamur24_jpeg_jpg.rf.ddc361ba22b7f222e2b0a546064729d8.jpg,0,0,0,1,0,0
1000010543_x16_jpg.rf.8402028a9b7b12d79362a7e69c10c683.jpg,0,1,0,0,0,0
1000010534_x16_jpg.rf.a074bc985912d80d115ceff88ee6a989.jpg,0,0,0,0,1,0
11_png_jpg.rf.0f6faef0e715c8670ef8d621d5a2f236.jpg,0,0,0,0,0,1
aug_0_2896_jpeg_jpg.rf.09653488c93b6261283812b53d34dfce.jpg,0,1,0,0,0,0
aug_0_734_jpeg_jpg.rf.16cb476650e1311cb48b3b5d46496df7.jpg,0,0,1,0,0,0
aug_0_5032_jpeg_jpg.rf.b224dd3b8a7b531e22f71163101cd275.jpg,0,0,0,0,0,1
1000010710_x16_jpg.rf.814e51bfc1ea1b27cee351ce43bb1665.jpg,0,1,0,0,0,0
2024-05-13-134130_3_jpg.rf.702853cdf8c1e78215f795c5ca164b3a.jpg,1,0,0,0,0,0
435631993_1298352297739815_6625573697958946773_n_jpg.rf.1a6f6f67e371dbcff868fa671cd5c1ac.jpg,0,0,0,0,1,0
aug_0_4967_jpeg_jpg.rf.3337c811ad3b94e3d2c54ba0bff0d59c.jpg,0,1,0,0,0,0
aug_0_1331_jpeg_jpg.rf.e017c47bbf80fa11efdd13e51e42312a.jpg,0,1,0,0,0,0
1t_png_jpg.rf.62be3aaa307bf08a5a9e0b98a84841a8.jpg,0,0,0,0,1,0
22_png_jpg.rf.6418f389a6bd197f30d0eb7c518511c9.jpg,0,0,0,0,0,1
435528684_875025924383515_4474230738332666593_n_jpg.rf.e02a400a8fdced3c35a9ee1497bd988f.jpg,0,0,0,0,1,0
aug_0_1312_jpeg_jpg.rf.8f52597feaf48a0de30f2f2186ede7bc.jpg,0,0,1,0,0,0
2024-05-13-132428_2_jpg.rf.410cc30a18c9870068ae71388c935b44.jpg,1,0,0,0,0,0
aug3_jpg.rf.a0c1d3dace797709881ba93a96fe0d26.jpg,0,0,0,0,0,1
2_jpg.rf.8eb450995a06aee375d31d7cc5ff1187.jpg,0,0,0,0,1,0
6_png_jpg.rf.92f67014c3c477ed26e5ac36d4055f83.jpg,0,0,0,0,0,1
32t_png_jpg.rf.4bccc92892255f5a71bcc6fbdacc43de.jpg,0,0,0,0,1,0
jamur95_jpeg_jpg.rf.a57838d38916d2f037c106f9cf72043f.jpg,0,0,0,1,0,0
1000010700_x16_jpg.rf.c8af8ff5a9a99ddeda64f60dca109441.jpg,0,1,0,0,0,0
54_jpg.rf.85537e4857ec850d10e0fa547418d377.jpg,0,0,0,0,1,1
36p_png_jpg.rf.af98200f5885451d182329a2a22814c5.jpg,0,0,0,0,1,0
1DD20D9E-7AB9-487A-B43A-7E959076A845_jpeg_jpg.rf.ee22585d700e542cd13a39cd99038f70.jpg,0,0,0,0,1,0
aug_0_5350_jpeg_jpg.rf.cd49ca6552c62dde44a6e78a27f83dfe.jpg,0,1,0,0,0,0
aug_0_6361_jpeg_jpg.rf.0d365ad6e7cb381f6ab2c18e8f4d085b.jpg,0,0,0,0,0,1
2024-05-13-133458_3_jpg.rf.4b81aae0f6e05f63e13d1af209032b61.jpg,1,0,0,0,0,0
1000010718_x16_jpg.rf.76ba5cc6abbe095757c7ee3983b9b8a9.jpg,0,0,0,0,0,1
1000011971_x4_jpg.rf.643cc0f5383ae9dd99c2868a65703206.jpg,0,1,0,0,0,0
aug_0_850_jpeg_jpg.rf.8896817edaa35a3aae6d329b421503be.jpg,0,0,1,0,0,0
1000010715_x16_jpg.rf.21c555a875f70ed1d921e8332b9f8972.jpg,0,1,0,0,0,0
aug_0_9883_jpeg_jpg.rf.d2cc2e97af52b7aaae10f4f4f49b9501.jpg,0,0,1,0,0,0
aug_0_1856_jpeg_jpg.rf.be151c3ec23f19e38da034271539e051.jpg,0,1,0,0,0,0
37y_png_jpg.rf.390fa04bbb619bf1891141876c224925.jpg,0,0,0,0,1,0
jamur13_jpeg_jpg.rf.85387629a0f1da9de3e01977ead0fe7b.jpg,0,0,0,1,0,0
waj17_jpeg_jpg.rf.18c37d2baa4793e76241956ac69e5ca1.jpg,0,0,0,1,0,0
1000010781_x16_jpg.rf.b8562d008072653f5c219b64d7ec38e2.jpg,0,1,0,0,0,0
aug_0_4957_jpeg_jpg.rf.7e269c6d8e1f25fbfa1f08021cfee6fb.jpg,0,0,1,0,0,0
2024-05-13-133056_4_jpg.rf.0aa6cf106ec14dd6491159617c4f30b8.jpg,1,0,0,0,0,0
2024-05-13-132545_1_jpg.rf.f223821bda835de3ea5536253c905402.jpg,1,0,0,0,0,0
36u_png_jpg.rf.017d97bdf9ed4dc264b672aec987521b.jpg,0,0,0,0,1,0
aug_0_5912_jpeg_jpg.rf.a5ea2ba8f8d21a6a790132ff576dddf4.jpg,0,0,0,0,0,1
1000010516_x16_jpg.rf.3d6d05adc4e4c8d4d0e369b2ed820ea3.jpg,0,1,0,0,0,0
j55_jpeg_jpg.rf.c0cf8a3b34013831f56ee07f5a82bf85.jpg,0,0,0,1,0,0
aug_0_6170_jpeg_jpg.rf.c1e27c14eb80b48a6b613a3e6c85d734.jpg,0,0,1,0,0,0
27_png_jpg.rf.6971bb758bdd75fff25607335020c6b5.jpg,0,0,0,0,0,1
aug_0_2396_jpeg_jpg.rf.9896a5302bf2c81b56017517b98d037a.jpg,0,1,0,0,0,0
1000011976_x4_jpg.rf.6fcbc6381c194080c7a6fc65076734b9.jpg,0,0,0,0,0,1
83553740_2666988543398149_7829973956135223296_n_jpg.rf.cfa3d4fd3bb15e815201f8536b8e6c6d.jpg,0,1,0,0,0,0
waj1_jpeg_jpg.rf.2ca874961bebe54b71cab368b2e63aa3.jpg,0,0,0,1,0,0
32qu_png_jpg.rf.f53c660e0833e7cf775a26b153284f8e.jpg,0,0,0,0,1,0
2024-05-13-132858_4_jpg.rf.3fddeeaae22b24c68ebd05cf70920bdf.jpg,1,0,0,0,0,0
1000010778_x16_jpg.rf.b9b80560bf2ae1308b044605fb02be34.jpg,0,1,0,0,0,0
37_PNG_jpg.rf.bbcd7d8c884b389a8d4740b9e475c7d5.jpg,0,0,0,0,1,0
83553740_2666988543398149_7829973956135223296_n_jpg.rf.2ec226443fe516f657487b13f731523e.jpg,0,1,0,0,0,0
aug_0_530_jpeg_jpg.rf.5142dce3a4455d5a4d3a662a14625787.jpg,0,0,0,0,0,1
36u_png_jpg.rf.32bfaf9f5599f006946ff4725baa2d6f.jpg,0,0,0,0,1,0
waj18_jpeg_jpg.rf.7b2ff12358d7995109bf97f61a2808e1.jpg,0,0,0,1,0,0
2024-05-13-132400_4_jpg.rf.e1838a7b407d147e3ab240f020d034be.jpg,1,0,0,0,0,0
436636046_360111827071591_750719804675544335_n_jpg.rf.2c58c9fc702b0a5a54559b774ca927d4.jpg,0,0,0,0,1,0
2024-05-13-133205_3_jpg.rf.7722272d075cc42ae99ec6cd86efffbd.jpg,1,0,0,0,0,0
aug_0_8615_jpeg_jpg.rf.5d5765377df9b0671343cf60fe74d53e.jpg,0,0,1,0,0,0
2024-05-13-133056_1_jpg.rf.82a013ec66b75ea19f5ebb1948f0ecb5.jpg,1,0,0,0,0,0
jamur96_jpeg_jpg.rf.1adf9b71c5498896997d96bfa522cd31.jpg,0,0,0,1,0,0
1000010764_x16_jpg.rf.83467d81fa9c8f9e0c47d1db13e5d918.jpg,0,0,0,0,0,1
jamur56_jpeg_jpg.rf.b0b97d7b340e013177f34e7ce06e6c05.jpg,0,0,0,1,0,0
1000010700_x16_jpg.rf.bcd6f81fad0a07b4feb9a3eb6d808520.jpg,0,1,0,0,0,0
jamur51_jpeg_jpg.rf.b83f8bbbe03d268be4070076962b3cab.jpg,0,0,0,1,0,0
436639986_413245831496612_2113964065260756871_n_jpg.rf.181108b756347bf91e66b099be8b4343.jpg,0,0,0,0,1,0
1000010774_x4_jpg.rf.ecceb785f10fc30bc68d7e5ea8ee5804.jpg,0,1,0,0,0,0
aug_0_4160_jpeg_jpg.rf.764b862fe29e2caea478c4c1bcf3721e.jpg,0,1,0,0,0,0
aug_0_3906_jpeg_jpg.rf.73e2f69a03f48259552a62b9b6a9b843.jpg,0,1,0,0,0,0
flea_allergy-1-_jpg.rf.e0cc46c5b56008f6a1c2c6d51f5cff05.jpg,0,0,1,0,0,0
1000010569_x4_jpg.rf.8d79d9b92f8bf09fed9c92766e218e0e.jpg,0,0,1,0,0,0
436638693_826239035984778_764987017093970170_n_jpg.rf.dcc3099b910f50c59457ac4fdef6b3e7.jpg,0,0,0,0,1,0
2024-05-13-132807_1_jpg.rf.7161be6962b6163cf7a35bbe7ca0575f.jpg,1,0,0,0,0,0
2024-05-13-133001_3_jpg.rf.564c4882dd249311324a456f5e18d516.jpg,1,0,0,0,0,0
j25_jpeg_jpg.rf.aa569c9a1f98e5d22cd4b67d664ef14a.jpg,0,0,0,1,0,0
2024-05-13-134023_4_jpg.rf.021eccd7878053fb073d4cf1cbda725c.jpg,1,0,0,0,0,0
1000010509_x4_jpg.rf.fc460a87de4d38d031a036400b9740d7.jpg,0,1,0,0,0,0
2024-05-13-134130_1_jpg.rf.608a53f1e6fb2d639ae92a7026656560.jpg,1,0,0,0,0,0
2024-05-13-132935_1_jpg.rf.6f45622b632214e322213e2d588d8753.jpg,1,0,0,0,0,0
1000010581_x16_jpg.rf.d9a17f535149c108a27c47adf4f6717c.jpg,0,0,0,0,1,0
2024-05-13-133458_3_jpg.rf.078e0e1ce7ee506c1acc3fac53fe95e6.jpg,1,0,0,0,0,0
aug_0_2001_jpeg_jpg.rf.cf242a72221d02e6982cb69d78d0e41b.jpg,0,1,0,0,0,0
1000010667_x16_jpg.rf.46d40dd49541cce71f684837feed56bc.jpg,0,0,0,0,1,0
waj1_jpeg_jpg.rf.c51fabdcf2f52edaa380297a49d96c9b.jpg,0,0,0,1,0,0
jamur35_jpeg_jpg.rf.21dec885d9796184651a7de3adf4156f.jpg,0,0,0,1,0,0
aug_0_637_jpeg_jpg.rf.382f4554afd35c05ae6a59449f60b829.jpg,0,0,1,0,0,0
2024-05-13-132545_2_jpg.rf.4eaeb02c3d1bbf2c6bb2d40047df7c4e.jpg,1,0,0,0,0,0
435650633_3861504260748951_6666466989484237884_n-1-_jpg.rf.387354e51cb3625fbccf4c206888700a.jpg,0,0,0,0,1,0
1000010536_x4_jpg.rf.6ce41277113dfdc094532e58d51c1224.jpg,0,1,0,0,0,0
aug_0_1241_jpeg_jpg.rf.dd99ce1ae168aa0416bf31b69bfd57c5.jpg,0,0,0,0,0,1
aug_0_4936_jpeg_jpg.rf.e9b110035940099bce0bc53c7dd3eee3.jpg,0,0,0,0,0,1
aug_0_522_jpeg_jpg.rf.b9ffc3ec7590d0446b6814a31816923a.jpg,0,1,0,0,0,0
aug_0_1033_jpeg_jpg.rf.8c48f3577b779f12bfa4a0a91be15ce8.jpg,0,1,0,0,0,0
aug_0_6036_jpeg_jpg.rf.08c1f0728214fb4c8d0b7c9fc5a2343a.jpg,0,0,1,0,0,0
17_png_jpg.rf.a500d34696eea0bd9e6316f6b46e0927.jpg,0,0,0,0,0,1
436639986_413245831496612_2113964065260756871_n_jpg.rf.1dea4838634a71050811d321d31d16ff.jpg,0,0,0,0,1,0
32qw_png_jpg.rf.81a8461f1b0f7d6cc5e6c4168e760ab6.jpg,0,0,0,0,1,0
1000010573_x4_jpg.rf.96ec2b3ba651474233cb57d921a705fe.jpg,0,1,0,0,0,0
1000010656_x16_jpg.rf.8dbd6c2cd7d372271389d1ef4668dbc5.jpg,0,1,0,0,0,0
1y_png_jpg.rf.c9d26c311b408743aa304f71cd3d5826.jpg,0,0,0,0,1,0
aug_0_7418_jpeg_jpg.rf.57cb90f7fa5f3f435e572cfaff13fb0c.jpg,0,0,1,0,0,0
jamur41_jpeg_jpg.rf.56e8985fb37750b60abd1d82d377fafc.jpg,0,0,0,1,0,0
50_jpg.rf.9cef35cfc60ddd94b02a47e0cb9dda4c.jpg,0,1,0,0,0,0
2024-05-13-131932_1_jpg.rf.ea363ef831924712a8bca573017afbe9.jpg,1,0,0,0,0,0
9-Bulla-Q9-jpg_jpg.rf.7f98534cad64bedd076e8b8ba869ca68.jpg,0,0,0,0,0,1
36_PNG_jpg.rf.69640998d8d247cb4b4c4dbb4e88f7e0.jpg,0,0,0,0,1,0
2024-05-13-132400_2_jpg.rf.1ca93eb3ad6aa5e080a4f3df8a7aa460.jpg,1,0,0,0,0,0
aug_0_2896_jpeg_jpg.rf.62c8beeafabb8c95396e3aeba3be22f7.jpg,0,1,0,0,0,0
1000010512_x4_jpg.rf.3004a3bae48f44e885472c8501b139fc.jpg,0,0,1,0,0,0
2024-05-13-134130_2_jpg.rf.3f5b2fa576a61248b75622122066c84e.jpg,1,0,0,0,0,0
aug_0_3132_jpeg_jpg.rf.8585300d4203ff16231c513d79ef89e5.jpg,0,1,0,0,0,0
36o_png_jpg.rf.bf7677b1e1c9b911f07f506f215ac06b.jpg,0,0,0,0,1,0
aug_0_2133_jpeg_jpg.rf.af1408da967d05817392c0633e6bfdea.jpg,0,0,1,0,0,0
2648B87F-2C86-4546-971E-B95B8BCF01DE_jpeg_jpg.rf.d3ecb7106bbc734dcee74a0977a3741b.jpg,0,0,0,0,1,0
39D9B981-3C51-4FC5-9F5E-D3C1C6627043_jpeg_jpg.rf.9a1ad68a19022cb248a03f4cab96a8ac.jpg,0,0,0,0,1,0
1D7E9206-1246-499C-A844-E98236FE38B9_jpeg_jpg.rf.7c334518e5823f1f58bb60cd3b4c3608.jpg,0,0,0,0,1,0
2024-05-13-134130_4_jpg.rf.0e68b5c79228481eea9fe12cd328145c.jpg,1,0,0,0,0,0
36r_png_jpg.rf.46f803899b6ae515d974e94c18646436.jpg,0,0,0,0,1,0
2024-05-13-134130_2_jpg.rf.458c8496ebd3f88f44e8a323f973fd80.jpg,1,0,0,0,0,0
1000010719_x16_jpg.rf.98e3344b4d4d502236f873a30e1d3aba.jpg,0,0,0,0,1,0
6a6ac96f0e9d7d1d4fbbd07f1b4da7fa_jpg.rf.87fb1a252cb4aca14a8133fe5a7fdc8c.jpg,0,0,0,0,0,1
jamur60_jpeg_jpg.rf.c08eb4c37d2625bc7948ebd7ac8e7454.jpg,0,0,0,1,0,0
aug_0_1115_jpeg_jpg.rf.17f137f78e505eab8d1ab7acb119d44f.jpg,0,0,1,0,0,0
jamur25_jpeg_jpg.rf.cc871351d20fa4f2b9cd3f0c2ce5e1a2.jpg,0,0,0,1,0,0
aug_0_5057_jpeg_jpg.rf.e6724c9abe6b3cec170e4a0cd3ffe7d0.jpg,0,0,1,0,0,0
2024-05-13-133135_3_jpg.rf.25330c47f7d34cb4665ec7d667277c70.jpg,1,0,0,0,0,0
j31_jpeg_jpg.rf.f7a6bbfd257f5b849971799280840950.jpg,0,0,0,1,0,0
aug_0_9313_jpeg_jpg.rf.59334a8a363459484ada4f951e41623c.jpg,0,0,1,0,0,0
1000011963_x4_jpg.rf.8be8818a6d4b43bebd906713d3825452.jpg,0,0,0,0,1,0
435439959_796718765339372_81363436625389167_n_jpg.rf.b0d708e80dd11297a8f9ac9995bf8b4f.jpg,0,0,0,0,1,0
aug_0_1257_jpeg_jpg.rf.6368b86e736aa439380e0a9a10aa6e8b.jpg,0,0,0,0,0,1
aug_0_7175_jpeg_jpg.rf.e710835ae83e7f026859031057e23f05.jpg,0,1,0,0,0,0
jamur48_jpeg_jpg.rf.3a85ece9244c2a51f48d114f0e5a5708.jpg,0,0,0,1,0,0
aug_0_4318_jpeg_jpg.rf.dc3feafd0c89d97c9026328201d74ae0.jpg,0,0,1,0,0,0
2024-05-13-134005_2_jpg.rf.33364d81dd35d162632a45d9f6aa3169.jpg,1,0,0,0,0,0
aug_0_3254_jpeg_jpg.rf.6b6c060373b55321a69465752ec66b09.jpg,0,0,1,0,0,0
1000010624_x4_jpg.rf.498e118fd86e400527e0632f2bdbd500.jpg,0,0,0,0,0,1
aug_0_3390_jpeg_jpg.rf.eabd6eb9bec2abb3b6da6017181eaa3d.jpg,0,1,0,0,0,0
j21_jpeg_jpg.rf.4e2af2e7d3b167ca3d9c1b824c743234.jpg,0,0,0,1,0,0
aug_0_3685_jpeg_jpg.rf.76510451c8d0c22ca56f8c1a2fde1f57.jpg,0,0,1,0,0,0
1t_png_jpg.rf.c67f7ae8e1584999bba8631f4f19c62e.jpg,0,0,0,0,1,0
2024-05-13-134316_4_jpg.rf.b5a182faaf1737bb65e10b2a132aa0f7.jpg,1,0,0,0,0,0
aug_0_9169_jpeg_jpg.rf.e9b9373a7af8e51265d8d223633c2de2.jpg,0,0,1,0,0,0
1000010560_x16_jpg.rf.05446b5d2bb410af764b558798750842.jpg,0,0,0,0,0,1
aug_0_2_jpeg_jpg.rf.c87d453f128c6e5ee69799c3f1c5b44f.jpg,0,0,0,0,0,1
2024-05-13-133205_1_jpg.rf.4165249f0cc242865990c7be44fe6030.jpg,1,0,0,0,0,0
j29_jpeg_jpg.rf.a2fb0323e2d3a660f529d522e57c9a1a.jpg,0,0,0,1,0,0
2648B87F-2C86-4546-971E-B95B8BCF01DE_jpeg_jpg.rf.7311c656f822d71fb8d4a07c3fead07c.jpg,0,0,0,0,1,0
1000010580_x4_jpg.rf.5c62fe5185790fd457568380ccca6cdc.jpg,0,1,0,0,0,0
jamur84_jpeg_jpg.rf.4d29116c3bc48c1d91728760b6206276.jpg,0,0,0,1,0,0
436611250_417959844314512_1076972693256378968_n_jpg.rf.652d26c39fe9ed9a2948b06a16684dac.jpg,0,0,0,0,1,0
2024-05-13-133458_1_jpg.rf.4f3db163bc5c93cd6b2ae5e871f458b7.jpg,1,0,0,0,0,0
36p_png_jpg.rf.a1c598d0abdb285145d7f6cc711ac328.jpg,0,0,0,0,1,0
3s_png_jpg.rf.b07848fd8ce860a1f824c14974498405.jpg,0,0,0,0,1,0
aug_0_2279_jpeg_jpg.rf.c1f806de96714d2382aeedf3c5fd6ac3.jpg,0,0,1,0,0,0
2024-05-13-134130_2_jpg.rf.d953e76b56cfa1dba7006aeb4dafe742.jpg,1,0,0,0,0,0
436611250_417959844314512_1076972693256378968_n_jpg.rf.65820685f4e80cff1f1ac92d257c9b10.jpg,0,0,0,0,1,0
aug_0_637_jpeg_jpg.rf.4a70dbe508d0e06b0ba600a0422b3304.jpg,0,0,1,0,0,0
aug_0_1105_jpeg_jpg.rf.5dedba2a00b8adcbde0c864c98474179.jpg,0,0,0,0,0,1
1000010601_x4_jpg.rf.3ff7e2d8e43193fe401a78e113286ccb.jpg,0,0,1,0,0,0
1000010782_x16_jpg.rf.ecf47b7e3d5281d3946cc0fda3d4ad14.jpg,0,0,0,0,0,1
aug_0_5721_jpeg_jpg.rf.09228a27315b848190ad1a69a28a422e.jpg,0,0,0,0,0,1
aug_0_6356_jpeg_jpg.rf.eeab9992b506332ab0283cd90a6642e3.jpg,0,0,1,0,0,0
1000010673_x16_jpg.rf.f8bd668b25be15550589f0f87b4b87a8.jpg,0,1,0,0,0,0
1000010725_x16_jpg.rf.dfd3cdd394e26d64994aa5aba961ae9b.jpg,0,1,0,0,0,0
jamur43_jpeg_jpg.rf.8f03bb3005049ae7cb91799d61b7ff77.jpg,0,0,0,1,0,0
aug2_jpg.rf.a5191722446deb063a42365c4aae81ad.jpg,0,1,0,0,0,0
aug5_JPG_jpg.rf.fc56310f78c321edaacc341f9dffc926.jpg,0,0,0,0,0,1
aug_0_3923_jpeg_jpg.rf.200d41beba15e5b981c2810f40f83733.jpg,0,0,1,0,0,0
2024-05-13-132858_4_jpg.rf.be93fa3d56b6d4bfb93a0b0041d39432.jpg,1,0,0,0,0,0
1000010757_x16_jpg.rf.cc2b58b722adf55a287efda1ef7254f0.jpg,0,0,1,0,0,0
435603314_5897309250393327_812604312490127687_n_jpg.rf.46080654e8f1731a5b403cea0ad3bd1f.jpg,0,0,0,0,1,0
17_png_jpg.rf.fb9fadb9e315f97ade3dc0344f551072.jpg,0,0,0,0,0,1
aug_0_5504_jpeg_jpg.rf.25c465548956deb2385ec378baefeb42.jpg,0,0,0,0,0,1
aug_0_7418_jpeg_jpg.rf.f3f323798fc4cf934a463a6ade99ed59.jpg,0,0,1,0,0,0
aug_0_8060_jpeg_jpg.rf.99f9b92aa80a3e76c35db32f7b534ae2.jpg,0,1,0,0,0,0
5_png_jpg.rf.037270c7dd70702533540271455b22e9.jpg,0,0,0,0,0,1
2024-05-13-132400_1_jpg.rf.4f5059092cbc327e545f28ac5861ad05.jpg,1,0,0,0,0,0
1000010593_x4_jpg.rf.514b917061518ce63b8a60344de888bd.jpg,0,0,1,0,0,0
jamur20_jpeg_jpg.rf.e83f23e38e112716dfdc9c7cbf17f8bf.jpg,0,0,0,1,0,0
2w_jpg.rf.a70f2fab8219a4c5e81d204a71b199c2.jpg,0,0,0,0,1,0
aug_0_3859_jpeg_jpg.rf.35089b86067d5cd584ad1abc6bdf8552.jpg,0,0,0,0,0,1
2024-05-13-132508_1_jpg.rf.941f9c93d00747f0cba7c455bf5e783d.jpg,1,0,0,0,0,0
2024-05-13-132400_2_jpg.rf.67ab84e17e09c0e139b82c9107387b3c.jpg,1,0,0,0,0,0
aug_0_625_jpeg_jpg.rf.d7e24f40bbbd915c45c067b1815542be.jpg,0,0,1,0,0,0
436627664_402183386034908_3493737909200169023_n_jpg.rf.b7ab8b23018d47ae15f317fd1c3929af.jpg,0,0,0,0,1,0
2024-05-13-132545_4_jpg.rf.c6aee1412f3db4f797de37b05c00fd9e.jpg,1,0,0,0,0,0
jamur70_jpeg_jpg.rf.613e2b8722b4aec3d081074c1644bad6.jpg,0,0,0,1,0,0
70600559_2813720901974687_5512732589049249792_n_jpg.rf.951fd374054907d93d13d44059e29f05.jpg,0,0,0,0,0,1
2024-05-13-132647_1_jpg.rf.bdc15f949203829344c6b376f5de74a6.jpg,1,0,0,0,0,0
1000010531_x16_jpg.rf.fef5a0c1974341d4146e65ff130bac3f.jpg,0,0,0,0,0,1
32qw_png_jpg.rf.b7b3f37383700a8df9db10b1dd46bcee.jpg,0,0,0,0,1,0
37y_png_jpg.rf.b01eb07a67c37b9db9201d747069acd0.jpg,0,0,0,0,1,0
2024-05-13-131950_2_jpg.rf.09c69ecb526d88ffbf407ebaaf295fce.jpg,1,0,0,0,0,0
2024-05-13-134258_4_jpg.rf.8b43075ade1b9292675d77106c1d160b.jpg,1,0,0,0,0,0
jamur20_jpeg_jpg.rf.67adf4e90f6a971c20ceb726c31c79b3.jpg,0,0,0,1,0,0
1000010634_x4_jpg.rf.8b6561f716328015ea1617411bb17423.jpg,0,1,0,0,0,0
56_jpg.rf.2fc236d94dfa616f800cd67cc7af2150.jpg,0,0,0,0,0,1
aug_0_1674_jpeg_jpg.rf.60407863fc3a7576a46dc028759bcaf3.jpg,0,0,1,0,0,0
aug_0_4493_jpeg_jpg.rf.4b7fb3e74e11004fc041098f6a0dfe7d.jpg,0,0,1,0,0,0
aug_0_3216_jpeg_jpg.rf.a8fcdfb712bd73b3150bd16ff3532253.jpg,0,1,0,0,0,0
j37_jpeg_jpg.rf.e9fb3b3c9512bb017d03b04092b26660.jpg,0,0,0,1,0,0
16_png_jpg.rf.4c73bd9e7738f2a3100732ea23a278f2.jpg,0,0,0,0,0,1
aug_0_3321_jpeg_jpg.rf.d75ed0a124f844f0c682cd30941baaff.jpg,0,1,0,0,0,0
1_PNG_jpg.rf.c8eace1b60d4f4db5e4016d30a07a354.jpg,0,0,0,0,1,0
1000011978_x4_jpg.rf.81a4704d40548e9acfd7690e93df5f94.jpg,0,1,0,0,0,0
jamur58_jpeg_jpg.rf.58246b0b584b1d6af16fb47bbc88bd63.jpg,0,0,0,1,0,0
2024-05-13-133940_4_jpg.rf.0a241007298cff8b066a09d2815bd550.jpg,1,0,0,0,0,0
aug_0_5570_jpeg_jpg.rf.9e50fe0c802630454302e569f8f0b8c9.jpg,0,0,0,0,0,1
aug_0_7376_jpeg_jpg.rf.36472ca8f341a583f510cd2d13c49ff1.jpg,0,0,1,0,0,0
2024-05-13-133056_1_jpg.rf.fe45eb78684dad9efae5089f63f45a57.jpg,1,0,0,0,0,0
2024-05-13-132935_2_jpg.rf.d86b2a6318e60a88a6c8189ba2d5dbe1.jpg,1,0,0,0,0,0
15_png_jpg.rf.b289ea85f770d378637a93f518c374ba.jpg,0,0,0,0,0,1
436638693_826239035984778_764987017093970170_n_jpg.rf.4514593192157d8e3ba2c03bdb6c9134.jpg,0,0,0,0,1,0
j54_jpeg_jpg.rf.5b5ffdff8b3464d06f6eeaeadc7e38c6.jpg,0,0,0,1,0,0
1000010626_x4_jpg.rf.98d0edce89c5c21c07a80450b65cddc0.jpg,0,1,0,0,0,0
1000010502_x16_jpg.rf.071d194687f358f64effcb1bce9f54c2.jpg,0,1,0,0,0,0
flea_allergy-3-_jpg.rf.e66200f832a914df5425926a0b87649a.jpg,0,0,1,0,0,0
aug_0_234_jpeg_jpg.rf.56aaa1fc8a75dfc2daf38b1418b4d082.jpg,0,0,1,0,0,0
2024-05-13-133035_4_jpg.rf.83564ba4e77dadd9b125f2b8404f49b3.jpg,1,0,0,0,0,0
jamur3_jpeg_jpg.rf.25d493a8c94327f1ff1041e29735661b.jpg,0,0,0,1,0,0
jamur55_jpeg_jpg.rf.447d3c4ebff6d924443bb4e74dbe36f0.jpg,0,0,0,1,0,0
aug_0_1764_jpeg_jpg.rf.78dd16f1e9755b40d27f9b450ba6134c.jpg,0,0,1,0,0,0
jamur40_jpeg_jpg.rf.d525193e48754aa68eb342a0c8a5589e.jpg,0,0,0,1,0,0
aug_0_3041_jpeg_jpg.rf.191cefa7a6ba8b7a96ee5b24ac1a02b0.jpg,0,0,0,0,0,1
2024-05-13-131950_1_jpg.rf.ed42c2dffce407af9b5aa9a85bb16e0a.jpg,1,0,0,0,0,0
jamur50_jpeg_jpg.rf.b33ebe4294876049fbb9c60b4a685189.jpg,0,0,0,1,0,0
37w_png_jpg.rf.34b88219c51ac53d4e8c2ac63a0c6df3.jpg,0,0,0,0,1,0
aug_0_7043_jpeg_jpg.rf.efea85c4531bb986773d7c2c70cece5d.jpg,0,1,0,0,0,0
0C55F3D4-F15E-4A8B-B193-5E640F5864EA_jpeg_jpg.rf.8578408c17f89270166180762077dad4.jpg,0,0,0,0,1,0
1DD20D9E-7AB9-487A-B43A-7E959076A845_jpeg_jpg.rf.5c48ed1dc5767d5d9812e2ff5ebfe9bc.jpg,0,0,0,0,1,0
1000010629_x4_jpg.rf.334fe161b3d7adfaab9121d2ada10161.jpg,0,0,0,0,0,1
1000011981_x4_jpg.rf.20e8e89a6e98ab906cebfcd14bee6deb.jpg,0,0,0,0,0,1
2024-05-13-132428_3_jpg.rf.703e9426be02208f03d963516217d89e.jpg,1,0,0,0,0,0
jamur77_jpeg_jpg.rf.71970423a4c804edb3f38154cbf3afbb.jpg,0,0,0,1,0,0
aug_0_5890_jpeg_jpg.rf.605315f4b94d0d4b09edbd6bb9fac2b4.jpg,0,0,0,0,0,1
1000010655_x16_jpg.rf.cf1f44a936305a704e790953a6d20b06.jpg,0,0,0,0,1,0
j34_jpeg_jpg.rf.4951cc5fedc1c9405cfdc9dae4b279e6.jpg,0,0,0,1,0,0
2_jpg.rf.458de72e79a70ee809bf64fbbd981717.jpg,0,0,0,0,1,0
2024-05-13-134258_4_jpg.rf.a1803eb2fd589cab2aec965a90f0145a.jpg,1,0,0,0,0,0
aug_0_1060_jpeg_jpg.rf.223fa5f283371a53b5aa50d1d9ee33b2.jpg,0,0,0,0,0,1
jamur85_jpeg_jpg.rf.640c67affe54313ae95d00eaa27d5dde.jpg,0,0,0,1,0,0
aug_0_3170_jpeg_jpg.rf.d743022a458f4da2656df57c55ef4ce8.jpg,0,0,1,0,0,0
aug_0_2846_jpeg_jpg.rf.d2cc87a9038919b4c5615f52e8250c8e.jpg,0,0,1,0,0,0
aug_0_435_jpeg_jpg.rf.502be8cc15c50a1b883763ce7af2decd.jpg,0,0,0,0,0,1
aug_0_8679_jpeg_jpg.rf.962955dbd4567688990a7202edab33ae.jpg,0,0,1,0,0,0
jamur59_jpeg_jpg.rf.126132d7829a6795af00f2c08798c9f6.jpg,0,0,0,1,0,0
2_jpg.rf.b3e7bc328ba15766c403b73806a432fa.jpg,0,0,0,0,1,0
aug_0_1764_jpeg_jpg.rf.916022a073a87c2a9d2ea2a82ac1665e.jpg,0,0,1,0,0,0
1000010639_x16_jpg.rf.6867878bb126f7621bf4a9faf3c8af88.jpg,0,1,0,0,0,0
aug_0_2846_jpeg_jpg.rf.a2c8ce920e0eea4aec08fa0847971860.jpg,0,0,1,0,0,0
342211074_1010000213718052_3587685332630184295_n_jpg.rf.76f65e20c9b1c68493ef707c011a432a.jpg,0,1,0,0,0,0
1000010729_x16_jpg.rf.2500986121d0d6a46a7beaeb06842500.jpg,0,0,0,0,1,0
aug_0_9991_jpeg_jpg.rf.5c1fa7587110e661a87d67263572ff8b.jpg,0,0,1,0,0,0
j46_jpeg_jpg.rf.81402e9c13b7c8399e425021ea6ec084.jpg,0,0,0,1,0,0
11_png_jpg.rf.588cdadfb7a142b81d499946b201f345.jpg,0,0,0,0,0,1
j52_jpeg_jpg.rf.6a9ab13ae9a867aea8004f0edaf01860.jpg,0,0,0,1,0,0
aug_0_4251_jpeg_jpg.rf.f09168b69a608fdf3332095c74c156a4.jpg,0,1,0,0,0,0
aug_0_3576_jpeg_jpg.rf.6ddd942775706a509d2466a4dbdc28c8.jpg,0,1,0,0,0,0
aug_0_6257_jpeg_jpg.rf.250fa95b7e3cf21be63f87920c466fb0.jpg,0,1,0,0,0,0
aug_0_297_jpeg_jpg.rf.dea6dd38cba00d1bae8895ff2d662cf4.jpg,0,0,0,0,0,1
2024-05-13-133853_2_jpg.rf.95418d5f06b080cfcc62c1a0f164024d.jpg,1,0,0,0,0,0
aug_0_5446_jpeg_jpg.rf.7274e5737995286c2a2a113b0aee8802.jpg,0,0,1,0,0,0
10_png_jpg.rf.f63587d64e1ea897d6ac6756509e758f.jpg,0,0,0,0,0,1
2024-05-13-134316_2_jpg.rf.f0bc4f75e900846f75e443ff649e5649.jpg,1,0,0,0,0,0
aug_0_4486_jpeg_jpg.rf.d9b670fdbce91f873e4a717a43d65a94.jpg,0,0,0,0,0,1
jamur86_jpeg_jpg.rf.8a23a67e86b87122f63d080a7ad6068d.jpg,0,0,0,1,0,0
jamur70_jpeg_jpg.rf.49e44d1710bbc0b6c82c29333d6c3756.jpg,0,0,0,1,0,0
j47_jpeg_jpg.rf.bb042b5da5665d2985fd4e393fdac96d.jpg,0,0,0,1,0,0
aug_0_8675_jpeg_jpg.rf.0a9609eac646b7c754762c9fdb759c40.jpg,0,0,1,0,0,0
1000010776_x16_jpg.rf.90c4190bfcfb76972b6a46895ca9ca66.jpg,0,0,0,0,1,0
1000010762_x16_jpg.rf.b3878b16ce96998c9c0c47a1df861381.jpg,0,0,0,0,0,1
j23_jpeg_jpg.rf.0e16eed6ca600dc4595a59a59024fa5b.jpg,0,0,0,1,0,0
jamur47_jpeg_jpg.rf.3c1e03a977d5d3e7026711273c50d312.jpg,0,0,0,1,0,0
aug4_jpg.rf.7e9edf20cc3240676984649448ca6327.jpg,0,0,0,0,0,1
1000010635_x4_jpg.rf.5de0b7f52ee9eb9ff7d0bcd87c18a39b.jpg,0,0,0,0,0,1
aug_0_102_jpeg_jpg.rf.34cc33044670e4a4c4f14ff3bcde08f8.jpg,0,1,0,0,0,0
jamur73_jpeg_jpg.rf.010bd529b993972459fe6f83fe5998bf.jpg,0,0,0,1,0,0
aug_0_8917_jpeg_jpg.rf.27db9dd3e7a5efe11c05eaa841f13e0b.jpg,0,1,0,0,0,0
1000010569_x4_jpg.rf.ce0f75357fab5a349812d9511f082b3c.jpg,0,0,1,0,0,0
2024-05-13-132545_4_jpg.rf.b7bc07db035845966245d5c4ba188675.jpg,1,0,0,0,0,0
2024-05-13-132153_4_jpg.rf.3ee671f07cdcae03dc55b62167cf22f8.jpg,1,0,0,0,0,0
aug_0_2186_jpeg_jpg.rf.3cc928aace92ca68f4554fded34aadbd.jpg,0,1,0,0,0,0
32qy_png_jpg.rf.65484694db9199ce1e9d468b7dc7783b.jpg,0,0,0,0,1,0
Atopic-dermatitis_Red-skin-dog-abdomen_DermVets_jpg.rf.3ce4d6c237bb5ae241db25677c4fb3f0.jpg,0,0,1,0,0,0
2024-05-13-132400_2_jpg.rf.f603359cbb15097e449c5a55de7fef21.jpg,1,0,0,0,0,0
waj12_jpeg_jpg.rf.b9a4c2629676b2c35a69462c8ac38207.jpg,0,0,0,1,0,0
1000010687_x16_jpg.rf.c806d77db7d985e4bb6dca1a4c650ccf.jpg,0,0,0,0,0,1
2024-05-13-132647_1_jpg.rf.e74983647ebfad8c0e4a3fbe99767e1c.jpg,1,0,0,0,0,0
jamur28_jpeg_jpg.rf.6d47c7b223063a03528e990f23d2994f.jpg,0,0,0,1,0,0
2024-05-13-132400_4_jpg.rf.0addd621e006fbe8bce81065622453d1.jpg,1,0,0,0,0,0
7_png_jpg.rf.b9ebc6c277b047fac54427cf01bf6c1e.jpg,0,0,0,0,0,1
33068F4F-A898-4A0E-A835-BCDCFCC46903_jpeg_jpg.rf.a23b8a93f3a1cb9bd297465cf9ef73fc.jpg,0,0,0,0,1,0
aug_0_3907_jpeg_jpg.rf.9df0d17d9b4a22c647ab3abdfc81ebb5.jpg,0,0,1,0,0,0
1000010651_x16_jpg.rf.36bb4c3e0b1556d19b95021eea9b293c.jpg,0,0,0,0,1,0
2009-2652-Yegar-M-Canis-Cafhw_jpg.rf.56cff7030f5e265afb5edca94b975424.jpg,0,0,0,0,1,0
2024-05-13-132545_4_jpg.rf.6b57aad47989d092822834a1147a17e8.jpg,1,0,0,0,0,0
1000010727_x4_jpg.rf.3a1e5190f6216a8246305a3827f11aa2.jpg,0,1,0,0,0,0
aug_0_1033_jpeg_jpg.rf.8ef4918c90c7b53ed2e4cd9933c23b9a.jpg,0,1,0,0,0,0
j42_jpeg_jpg.rf.7ddb84a28d65ca36d2807d2ec8f554ae.jpg,0,0,0,1,0,0
j22_jpeg_jpg.rf.628af1d93daca36f1a05d840ec4771be.jpg,0,0,0,1,0,0
aug_0_3898_jpeg_jpg.rf.f45846690a6faaef628b88c11d888b56.jpg,0,0,1,0,0,0
aug_0_2309_jpeg_jpg.rf.8de98b6844df8eb57f0f3ae23a649383.jpg,0,0,1,0,0,0
aug_0_1411_jpeg_jpg.rf.01dc593d21e4245e17838b877b913049.jpg,0,1,0,0,0,0
2024-05-13-134258_3_jpg.rf.d9269c22bfaf077baf94b312d8476880.jpg,1,0,0,0,0,0
2024-05-13-134130_3_jpg.rf.c7e73bb2cb6f1bb4f86db262b88bb14b.jpg,1,0,0,0,0,0
aug1_jpg.rf.b8bf58355237570641cf2347d850e5b3.jpg,0,0,0,0,0,1
435504633_961960721958914_4868880275566197502_n_jpg.rf.33d937d39e22fa627addf9629d522ddc.jpg,0,0,0,0,1,0
2024-05-13-132428_3_jpg.rf.403f0b7c107e6368123b986ba0d14137.jpg,1,0,0,0,0,0
aug_0_2681_jpeg_jpg.rf.29d1f7fa921bb0a577f061f0f30c0d38.jpg,0,0,0,0,0,1
jamur35_jpeg_jpg.rf.4cccb99eadb3dc7bb6526d790a754b09.jpg,0,0,0,1,0,0
waj12_jpeg_jpg.rf.9d0721ae3c902923d90429f8fc42ba2a.jpg,0,0,0,1,0,0
2a_jpg.rf.306362ac04bb18b5f1ce611ac2718c4c.jpg,0,0,0,0,1,0
aug_0_6415_jpeg_jpg.rf.c6bfe88e94af2206ecd18a6ac9065a7c.jpg,0,1,0,0,0,0
2024-05-13-132935_2_jpg.rf.b696243a747b6efa082abd454d143400.jpg,1,0,0,0,0,0
436640003_939449091294830_7683376979877978508_n_jpg.rf.af2628219758e1ac7cbc109081b51b91.jpg,0,0,0,0,1,0
waj2_jpeg_jpg.rf.6b7ad4fd795b0026ee3001b63823c359.jpg,0,0,0,1,0,0
aug_0_102_jpeg_jpg.rf.fa1b8dc067c3f8fade31812b1630c023.jpg,0,1,0,0,0,0
waj5_jpeg_jpg.rf.9b2d1b9718726625bec98961d8b5d09b.jpg,0,0,0,1,0,0
aug_0_5116_jpeg_jpg.rf.ce7e66244bedf6831dca709432a4bc54.jpg,0,0,0,0,0,1
2425B7B6-2AC0-4A8A-BF84-A6DDC2D8EB45_jpeg_jpg.rf.5f795004b4e296cca4276ef5f17c67a4.jpg,0,0,0,0,1,0
1000010767_x16_jpg.rf.e7bda57e4317f96cd34e59543eb444c1.jpg,0,0,0,0,0,1
2024-05-13-133205_2_jpg.rf.12aacb982b6739df30bedb144c2cf1f8.jpg,1,0,0,0,0,0
1_PNG_jpg.rf.427a23b5835f5559836a4b769deb7b21.jpg,0,0,0,0,1,0
j27_jpeg_jpg.rf.c4b405ec6c9b01c007510b3e7b9d0e99.jpg,0,0,0,1,0,0
jamur3_jpeg_jpg.rf.7032aa554e3c381ee2ca4b700c052943.jpg,0,0,0,1,0,0
1000010647_x16_jpg.rf.61962237104ec83e9daee104c64085e3.jpg,0,0,1,0,0,0
2024-05-13-132545_3_jpg.rf.fbd62219b59e547f32828ee68d0f1c19.jpg,1,0,0,0,0,0
jamur62_jpeg_jpg.rf.48c4f0f538874ea437ce085625f7de20.jpg,0,0,0,1,0,0
1000010608_x16_jpg.rf.30841cf88295a602b30be8900d5eea96.jpg,0,1,0,0,0,0
1000010521_x16_jpg.rf.4436b6703bce56e9b66b059dfa41e435.jpg,0,0,0,0,0,1
2024-05-13-133135_3_jpg.rf.862865055ce9af7fe21440a890e9d4e1.jpg,1,0,0,0,0,0
aug_0_7762_jpeg_jpg.rf.b3bc70fac1970c3be29e0cb14d08947c.jpg,0,0,1,0,0,0
aug_0_9167_jpeg_jpg.rf.fd7cd28b05fd66afd9cef5607a1159b8.jpg,0,1,0,0,0,0
2024-05-13-133940_4_jpg.rf.3766740dbc462b3aa859a9a1baa39088.jpg,1,0,0,0,0,0
jamur75_jpeg_jpg.rf.1f710a34aa8cef116a431197202c31db.jpg,0,0,0,1,0,0
waj10_jpeg_jpg.rf.91a1f2b136adc10245ddbbfcfe6ee2ba.jpg,0,0,0,1,0,0
56_jpg.rf.2e351c39b622574981dce721ef1c8e91.jpg,0,0,0,0,0,1
jamur78_jpeg_jpg.rf.b9c711583450729e72a7f7ed2103ccb1.jpg,0,0,0,1,0,0
1000010722_x4_jpg.rf.5cefa765ac3b16ccf13a0d5d0c8d2ea2.jpg,0,0,0,0,0,1
435664928_1153756869147274_8155501997547220077_n_jpg.rf.e0b9352a03ed536ebaeeda16556ba806.jpg,0,0,0,0,1,0
37_PNG_jpg.rf.2b9e04ef285b031f74ce0817d5456589.jpg,0,0,0,0,1,0
1000010771_x16_jpg.rf.55c79c2f698f072bbdfe039b448108d9.jpg,0,0,1,0,0,0
aug_0_850_jpeg_jpg.rf.1972bf010cf7ec30f7cee369551e095a.jpg,0,0,1,0,0,0
2024-05-13-132153_2_jpg.rf.12d0584edb46ab271c52cbe3c109797b.jpg,1,0,0,0,0,0
aug_0_4104_jpeg_jpg.rf.05242b88d488a961cd52b95b50018b49.jpg,0,0,1,0,0,0
aug_0_2147_jpeg_jpg.rf.f0f0b0cbb9d67fee6afc270b4169460a.jpg,0,0,0,0,0,1
1000010501_x4_jpg.rf.388fc993d594b2aabb68b3fa86bf3bdb.jpg,0,0,0,0,1,0
1000010680_x16_jpg.rf.37eb92ea6debda6bcc4ca6f724c014ab.jpg,0,1,0,0,0,0
2024-05-13-132153_1_jpg.rf.e0eea5011db6d1d2a982ce10d8f2f8b3.jpg,1,0,0,0,0,0
jamur49_jpeg_jpg.rf.89afe3f629ba93781f880e3f9fa2edaf.jpg,0,0,0,1,0,0
j35_jpeg_jpg.rf.6f9b15832bbb5fb4acd678865df04d1e.jpg,0,0,0,1,0,0
2024-05-13-133135_3_jpg.rf.bc53c83071d8dbb7651f176c25e8a771.jpg,1,0,0,0,0,0
1000010627_x4_jpg.rf.9ad58a4657b700006fd7ad05e6f289ab.jpg,0,0,1,0,0,0
2024-05-13-133823_1_jpg.rf.1edb3c37ceabf3393dacf7cd092b32dc.jpg,1,0,0,0,0,0
1000010608_x16_jpg.rf.fdab68f24c02ec8b89a66e84bea19369.jpg,0,1,0,0,0,0
aug_0_2450_jpeg_jpg.rf.051132ed1c6ec1dd54653f6a80e8921c.jpg,0,0,0,0,0,1
aug_0_2_jpeg_jpg.rf.b3db42dcf1fd0c1bd80f407b94ea2a4d.jpg,0,0,0,0,0,1
2024-05-13-134316_1_jpg.rf.2712e5f52024e85b71189b407e2d4003.jpg,1,0,0,0,0,0
aug1_jpg.rf.b7dd4b5d9ec5f3f8f8874f4eff281708.jpg,0,0,0,0,0,1
aug_0_6702_jpeg_jpg.rf.d5231ddea1a4b08a8a0ff91b74e3f108.jpg,0,1,0,0,0,0
aug_0_1323_jpeg_jpg.rf.35d99fc4e8b363c6b2495a635277a1ee.jpg,0,0,1,0,0,0
aug_0_1613_jpeg_jpg.rf.bcd6a50f56b08cbc79cf8468861dd16d.jpg,0,0,1,0,0,0
436638693_826239035984778_764987017093970170_n_jpg.rf.60197b9c0552777fe28f499165075221.jpg,0,0,0,0,1,0
aug_0_4967_jpeg_jpg.rf.841a68f5b7de4d1a42a70c8883e41394.jpg,0,1,0,0,0,0
aug_0_4563_jpeg_jpg.rf.f31f4a8fc87dde84575525132f4aadd7.jpg,0,1,0,0,0,0
2024-05-13-132545_1_jpg.rf.01eb55974e1956d667e156d55e1451e9.jpg,1,0,0,0,0,0
2024-05-13-133940_2_jpg.rf.95ce2efb4d29ada2b414464984e5e565.jpg,1,0,0,0,0,0
aug_0_530_jpeg_jpg.rf.86f4145e55a9852a012e224a9a6949c5.jpg,0,0,0,0,0,1
aug_0_342_jpeg_jpg.rf.c9647eae286dfd380db5dfa4dd767b78.jpg,0,0,1,0,0,0
2009-2652-Yegar-M-Canis-Cafhw_jpg.rf.e8080284b15a89c2242663f4fdee1aba.jpg,0,0,0,0,1,0
1000010516_x16_jpg.rf.e46486e3d9b6b9c0334fda1f5a68b63d.jpg,0,1,0,0,0,0
jamur27_jpeg_jpg.rf.c68bf687f74fd9b1b93497db28520303.jpg,0,0,0,1,0,0
aug_0_2147_jpeg_jpg.rf.52781bf486a0c7c466d25e367cfec11f.jpg,0,0,0,0,0,1
aug_0_4193_jpeg_jpg.rf.d306750c0a8ee29d5b965446257ee39b.jpg,0,1,0,0,0,0
Cutaneous-skin-lesion-over-the-carpus-in-dog-case-no-1-infected-with-Leishmania-major_jpg.rf.58f293da99d896570a3a57f9a6009de1.jpg,0,0,1,0,0,0
1_PNG_jpg.rf.3b2fbd76f027c5da020a4a6a1dafee7b.jpg,0,0,0,0,1,0
2024-05-13-134130_1_jpg.rf.99a15b05dc79141c60762c8f91d98327.jpg,1,0,0,0,0,0
2024-05-13-132627_1_jpg.rf.3b433b5e90675ce7e8f5846442aa0705.jpg,1,0,0,0,0,0
2F82876F-07D0-4559-BD73-5675070FAEA8_jpeg_jpg.rf.26297a8e74bfb00777f554ab2139d84e.jpg,0,0,0,0,1,0
1000010671_x16_jpg.rf.f58098195ba3023c83ca7d5e99eb126f.jpg,0,0,0,0,1,0
aug_0_5916_jpeg_jpg.rf.66c858a51276489e505790da5093a67b.jpg,0,0,1,0,0,0
flea_allergy-28-_jpg.rf.0f80915d5cf4c26ffb17ad3c31e0132d.jpg,0,0,1,0,0,0
435504633_961960721958914_4868880275566197502_n_jpg.rf.cf26a8b3ea6484ce24651c7f886b5d56.jpg,0,0,0,0,1,0
flea_allergy-27-_jpg.rf.ef5283b8f05bff3828aac6355ccb6ed4.jpg,0,0,1,0,0,0
1000010597_x4_jpg.rf.95bc0f66f299b8cc287444668275b29b.jpg,0,1,0,0,0,0
1000010654_x16_jpg.rf.8cdfec0689cd2053d909f6c1b1c6fd05.jpg,0,0,0,0,1,0
231160892_518946332645147_3656949587182572307_n_jpg.rf.606f65d649c6ca873355aa140cf14548.jpg,0,1,1,0,0,0
1a_png_jpg.rf.f724a4fcbd71fb83ade9fa6e04f2f4d7.jpg,0,0,0,0,1,0
jamur91_jpeg_jpg.rf.bcd1dc079a163cbb2fcbb51baecf1ffd.jpg,0,0,0,1,0,0
1000010610_x4_jpg.rf.951907bcf26fa94b6f7d5b8e665d995c.jpg,0,1,0,0,0,0
aug_0_8079_jpeg_jpg.rf.bddc6644a2346ebe3570a326318d3447.jpg,0,0,1,0,0,0
36o_png_jpg.rf.ddb57968de3a8dc4387437da14e793fc.jpg,0,0,0,0,1,0
1000010750_x16_jpg.rf.5d2a43c3b387122166ed57a83c10ec03.jpg,0,0,0,0,0,1
2024-05-13-132731_3_jpg.rf.5e74381875b32535a8ab39febaca613f.jpg,1,0,0,0,0,0
aug_0_6974_jpeg_jpg.rf.ef554fb9e7d06f8335df87c48a33b0f6.jpg,0,0,1,0,0,0
flea_allergy-15-_jpg.rf.6475042397575ed532f6999fbadd1878.jpg,0,0,1,0,0,0
aug_0_1103_jpeg_jpg.rf.6c102baf71c1e4c62d9004e7dca8542d.jpg,0,0,1,0,0,0
j39_jpeg_jpg.rf.431dd21ba32b6c4d77251b53ed74cc25.jpg,0,0,0,1,0,0
1000011975_x4_jpg.rf.7a7bcdac191146ecf9a369f201d452c2.jpg,0,1,0,0,0,0
jamur84_jpeg_jpg.rf.4ff8ff04d133041217515a9571a1d68c.jpg,0,0,0,1,0,0
aug_0_2794_jpeg_jpg.rf.0b12431495aa9dd77f7af5a191dbb171.jpg,0,1,0,0,0,0
j33_jpeg_jpg.rf.b926ce2befa084e66d201475cc009273.jpg,0,0,0,1,0,0
12_png_jpg.rf.80c16851272a7a4c54c81746a51d43b3.jpg,0,0,0,0,0,1
aug_0_3250_jpeg_jpg.rf.ef13d9da329feb28c0c60753f31f6407.jpg,0,0,0,0,0,1
aug_0_8538_jpeg_jpg.rf.6424ce044c51957efd99632f6be8c814.jpg,0,0,1,0,0,0
2009-2652-Yegar-M-Canis-Cafhw_jpg.rf.c0d47c8526a0182f709e8cfe1b8fc7a7.jpg,0,0,0,0,1,0
1000010617_x4_jpg.rf.7e7594181767720f959742c779323026.jpg,0,0,1,0,0,0
1000010721_x16_jpg.rf.9c0616429ef6bfafa68b816e480e3701.jpg,0,1,0,0,0,0
aug_0_9416_jpeg_jpg.rf.4e0da6c0badc539417b07e029b996874.jpg,0,0,1,0,0,0
2024-05-13-134214_4_jpg.rf.336608dee2011558f71f1fdd925cc993.jpg,1,0,0,0,0,0
aug_0_4417_jpeg_jpg.rf.078d798fbef919560cc4ccae51d5bfd7.jpg,0,1,0,0,0,0
aug_0_1466_jpeg_jpg.rf.493d90ffe09b697aad8ef7b6223bca71.jpg,0,1,0,0,0,0
aug_0_8487_jpeg_jpg.rf.62db135913ebb4163a5c17c12e12a28c.jpg,0,1,0,0,0,0
aug_0_5032_jpeg_jpg.rf.dd5b1b2ebc2267009afb3ed28e72a6ed.jpg,0,0,0,0,0,1
2024-05-13-133056_4_jpg.rf.980b250bd3eb86de02165d2d2bdacd12.jpg,1,0,0,0,0,0
aug_0_5909_jpeg_jpg.rf.1bc59016bb91a24c654dd0886ed7c40b.jpg,0,0,1,0,0,0
1000010732_x4_jpg.rf.23be9c185dfefaddfc5b5acffd45b017.jpg,0,0,0,0,0,1
2024-05-13-131932_1_jpg.rf.6b60162f0eb03f5897106665c84a549c.jpg,1,0,0,0,0,0
aug_0_7038_jpeg_jpg.rf.275b19d7d2239f69dac07bf27d16316b.jpg,0,1,0,0,0,0
aug_0_5630_jpeg_jpg.rf.776760634ff3bfc403b57f3625434500.jpg,0,0,0,0,0,1